"epiweek","epiyear","Meningococcal disease, All serogroups cummulative current year","Meningococcal disease, Serogroups ACWY cummulative current year","Meningococcal disease, Serogroup B cummulative for current year","Meningococcal disease, Other serogroups cummulative current year","Meningococcal disease, Unknown serogroup cummulative current year","Meningococcal disease, All serogroups incidence current week","Meningococcal disease, Unknown serogroup incidence current week","Meningococcal disease, Serogroups ACWY incidence current week","Meningococcal disease, Serogroup B incidence current week","Meningococcal disease, Other serogroups incidence current week","date"
1,1995,35,NA,NA,NA,NA,35,NA,NA,NA,NA,"1995-01-01"
1,1995,35,NA,NA,NA,NA,35,NA,NA,NA,NA,"1995-01-01"
2,1995,79,NA,NA,NA,NA,44,NA,NA,NA,NA,"1995-01-08"
2,1995,79,NA,NA,NA,NA,0,NA,NA,NA,NA,"1995-01-08"
3,1995,145,NA,NA,NA,NA,66,NA,NA,NA,NA,"1995-01-15"
3,1995,145,NA,NA,NA,NA,0,NA,NA,NA,NA,"1995-01-15"
4,1995,226,NA,NA,NA,NA,81,NA,NA,NA,NA,"1995-01-22"
4,1995,226,NA,NA,NA,NA,0,NA,NA,NA,NA,"1995-01-22"
5,1995,282,NA,NA,NA,NA,56,NA,NA,NA,NA,"1995-01-29"
5,1995,282,NA,NA,NA,NA,0,NA,NA,NA,NA,"1995-01-29"
6,1995,340,NA,NA,NA,NA,58,NA,NA,NA,NA,"1995-02-05"
6,1995,340,NA,NA,NA,NA,0,NA,NA,NA,NA,"1995-02-05"
7,1995,423,NA,NA,NA,NA,83,NA,NA,NA,NA,"1995-02-12"
7,1995,423,NA,NA,NA,NA,0,NA,NA,NA,NA,"1995-02-12"
8,1995,499,NA,NA,NA,NA,76,NA,NA,NA,NA,"1995-02-19"
8,1995,499,NA,NA,NA,NA,0,NA,NA,NA,NA,"1995-02-19"
9,1995,577,NA,NA,NA,NA,78,NA,NA,NA,NA,"1995-02-26"
9,1995,577,NA,NA,NA,NA,0,NA,NA,NA,NA,"1995-02-26"
10,1995,667,NA,NA,NA,NA,90,NA,NA,NA,NA,"1995-03-05"
10,1995,667,NA,NA,NA,NA,0,NA,NA,NA,NA,"1995-03-05"
11,1995,743,NA,NA,NA,NA,76,NA,NA,NA,NA,"1995-03-12"
11,1995,743,NA,NA,NA,NA,0,NA,NA,NA,NA,"1995-03-12"
12,1995,823,NA,NA,NA,NA,80,NA,NA,NA,NA,"1995-03-19"
12,1995,823,NA,NA,NA,NA,0,NA,NA,NA,NA,"1995-03-19"
13,1995,903,NA,NA,NA,NA,80,NA,NA,NA,NA,"1995-03-26"
13,1995,903,NA,NA,NA,NA,0,NA,NA,NA,NA,"1995-03-26"
14,1995,975,NA,NA,NA,NA,72,NA,NA,NA,NA,"1995-04-02"
14,1995,975,NA,NA,NA,NA,0,NA,NA,NA,NA,"1995-04-02"
15,1995,1045,NA,NA,NA,NA,70,NA,NA,NA,NA,"1995-04-09"
15,1995,1045,NA,NA,NA,NA,0,NA,NA,NA,NA,"1995-04-09"
16,1995,1105,NA,NA,NA,NA,60,NA,NA,NA,NA,"1995-04-16"
16,1995,1105,NA,NA,NA,NA,0,NA,NA,NA,NA,"1995-04-16"
17,1995,1173,NA,NA,NA,NA,68,NA,NA,NA,NA,"1995-04-23"
17,1995,1173,NA,NA,NA,NA,0,NA,NA,NA,NA,"1995-04-23"
18,1995,1248,NA,NA,NA,NA,75,NA,NA,NA,NA,"1995-04-30"
18,1995,1248,NA,NA,NA,NA,0,NA,NA,NA,NA,"1995-04-30"
19,1995,1327,NA,NA,NA,NA,79,NA,NA,NA,NA,"1995-05-07"
19,1995,1327,NA,NA,NA,NA,0,NA,NA,NA,NA,"1995-05-07"
20,1995,1402,NA,NA,NA,NA,75,NA,NA,NA,NA,"1995-05-14"
20,1995,1402,NA,NA,NA,NA,0,NA,NA,NA,NA,"1995-05-14"
21,1995,1497,NA,NA,NA,NA,95,NA,NA,NA,NA,"1995-05-21"
21,1995,1497,NA,NA,NA,NA,0,NA,NA,NA,NA,"1995-05-21"
22,1995,1557,NA,NA,NA,NA,60,NA,NA,NA,NA,"1995-05-28"
22,1995,1557,NA,NA,NA,NA,0,NA,NA,NA,NA,"1995-05-28"
23,1995,1598,NA,NA,NA,NA,41,NA,NA,NA,NA,"1995-06-04"
23,1995,1598,NA,NA,NA,NA,0,NA,NA,NA,NA,"1995-06-04"
24,1995,1650,NA,NA,NA,NA,52,NA,NA,NA,NA,"1995-06-11"
24,1995,1650,NA,NA,NA,NA,0,NA,NA,NA,NA,"1995-06-11"
25,1995,1714,NA,NA,NA,NA,64,NA,NA,NA,NA,"1995-06-18"
25,1995,1714,NA,NA,NA,NA,0,NA,NA,NA,NA,"1995-06-18"
26,1995,1796,NA,NA,NA,NA,82,NA,NA,NA,NA,"1995-06-25"
26,1995,1796,NA,NA,NA,NA,0,NA,NA,NA,NA,"1995-06-25"
27,1995,1849,NA,NA,NA,NA,53,NA,NA,NA,NA,"1995-07-02"
27,1995,1849,NA,NA,NA,NA,0,NA,NA,NA,NA,"1995-07-02"
28,1995,1894,NA,NA,NA,NA,45,NA,NA,NA,NA,"1995-07-09"
28,1995,1894,NA,NA,NA,NA,0,NA,NA,NA,NA,"1995-07-09"
29,1995,1937,NA,NA,NA,NA,43,NA,NA,NA,NA,"1995-07-16"
29,1995,1937,NA,NA,NA,NA,0,NA,NA,NA,NA,"1995-07-16"
30,1995,1985,NA,NA,NA,NA,48,NA,NA,NA,NA,"1995-07-23"
30,1995,1985,NA,NA,NA,NA,0,NA,NA,NA,NA,"1995-07-23"
31,1995,2036,NA,NA,NA,NA,51,NA,NA,NA,NA,"1995-07-30"
31,1995,2036,NA,NA,NA,NA,0,NA,NA,NA,NA,"1995-07-30"
32,1995,2073,NA,NA,NA,NA,37,NA,NA,NA,NA,"1995-08-06"
32,1995,2073,NA,NA,NA,NA,0,NA,NA,NA,NA,"1995-08-06"
33,1995,2101,NA,NA,NA,NA,28,NA,NA,NA,NA,"1995-08-13"
33,1995,2101,NA,NA,NA,NA,0,NA,NA,NA,NA,"1995-08-13"
34,1995,2134,NA,NA,NA,NA,33,NA,NA,NA,NA,"1995-08-20"
34,1995,2134,NA,NA,NA,NA,0,NA,NA,NA,NA,"1995-08-20"
35,1995,2162,NA,NA,NA,NA,28,NA,NA,NA,NA,"1995-08-27"
35,1995,2162,NA,NA,NA,NA,0,NA,NA,NA,NA,"1995-08-27"
36,1995,2187,NA,NA,NA,NA,25,NA,NA,NA,NA,"1995-09-03"
36,1995,2187,NA,NA,NA,NA,0,NA,NA,NA,NA,"1995-09-03"
37,1995,2221,NA,NA,NA,NA,34,NA,NA,NA,NA,"1995-09-10"
37,1995,2221,NA,NA,NA,NA,0,NA,NA,NA,NA,"1995-09-10"
38,1995,2257,NA,NA,NA,NA,36,NA,NA,NA,NA,"1995-09-17"
38,1995,2257,NA,NA,NA,NA,0,NA,NA,NA,NA,"1995-09-17"
39,1995,2291,NA,NA,NA,NA,34,NA,NA,NA,NA,"1995-09-24"
39,1995,2291,NA,NA,NA,NA,0,NA,NA,NA,NA,"1995-09-24"
40,1995,2339,NA,NA,NA,NA,48,NA,NA,NA,NA,"1995-10-01"
40,1995,2339,NA,NA,NA,NA,0,NA,NA,NA,NA,"1995-10-01"
41,1995,2404,NA,NA,NA,NA,65,NA,NA,NA,NA,"1995-10-08"
41,1995,2404,NA,NA,NA,NA,0,NA,NA,NA,NA,"1995-10-08"
42,1995,2449,NA,NA,NA,NA,45,NA,NA,NA,NA,"1995-10-15"
42,1995,2449,NA,NA,NA,NA,0,NA,NA,NA,NA,"1995-10-15"
43,1995,2514,NA,NA,NA,NA,65,NA,NA,NA,NA,"1995-10-22"
43,1995,2514,NA,NA,NA,NA,0,NA,NA,NA,NA,"1995-10-22"
44,1995,2559,NA,NA,NA,NA,45,NA,NA,NA,NA,"1995-10-29"
44,1995,2559,NA,NA,NA,NA,0,NA,NA,NA,NA,"1995-10-29"
45,1995,2594,NA,NA,NA,NA,35,NA,NA,NA,NA,"1995-11-05"
45,1995,2594,NA,NA,NA,NA,0,NA,NA,NA,NA,"1995-11-05"
46,1995,2647,NA,NA,NA,NA,53,NA,NA,NA,NA,"1995-11-12"
46,1995,2647,NA,NA,NA,NA,0,NA,NA,NA,NA,"1995-11-12"
47,1995,2675,NA,NA,NA,NA,28,NA,NA,NA,NA,"1995-11-19"
47,1995,2675,NA,NA,NA,NA,0,NA,NA,NA,NA,"1995-11-19"
48,1995,2729,NA,NA,NA,NA,54,NA,NA,NA,NA,"1995-11-26"
48,1995,2729,NA,NA,NA,NA,0,NA,NA,NA,NA,"1995-11-26"
49,1995,2797,NA,NA,NA,NA,68,NA,NA,NA,NA,"1995-12-03"
49,1995,2797,NA,NA,NA,NA,0,NA,NA,NA,NA,"1995-12-03"
50,1995,2859,NA,NA,NA,NA,62,NA,NA,NA,NA,"1995-12-10"
50,1995,2859,NA,NA,NA,NA,0,NA,NA,NA,NA,"1995-12-10"
51,1995,2932,NA,NA,NA,NA,73,NA,NA,NA,NA,"1995-12-17"
51,1995,2932,NA,NA,NA,NA,0,NA,NA,NA,NA,"1995-12-17"
52,1995,3243,NA,NA,NA,NA,311,NA,NA,NA,NA,"1995-12-24"
52,1995,3243,NA,NA,NA,NA,0,NA,NA,NA,NA,"1995-12-24"
1,1996,24,NA,NA,NA,NA,24,NA,NA,NA,NA,"1995-12-31"
2,1996,76,NA,NA,NA,NA,52,NA,NA,NA,NA,"1996-01-07"
3,1996,140,NA,NA,NA,NA,64,NA,NA,NA,NA,"1996-01-14"
4,1996,250,NA,NA,NA,NA,110,NA,NA,NA,NA,"1996-01-21"
5,1996,338,NA,NA,NA,NA,88,NA,NA,NA,NA,"1996-01-28"
6,1996,414,NA,NA,NA,NA,76,NA,NA,NA,NA,"1996-02-04"
7,1996,503,NA,NA,NA,NA,89,NA,NA,NA,NA,"1996-02-11"
8,1996,575,NA,NA,NA,NA,72,NA,NA,NA,NA,"1996-02-18"
9,1996,643,NA,NA,NA,NA,68,NA,NA,NA,NA,"1996-02-25"
10,1996,725,NA,NA,NA,NA,82,NA,NA,NA,NA,"1996-03-03"
11,1996,771,NA,NA,NA,NA,46,NA,NA,NA,NA,"1996-03-10"
12,1996,835,NA,NA,NA,NA,64,NA,NA,NA,NA,"1996-03-17"
13,1996,926,NA,NA,NA,NA,91,NA,NA,NA,NA,"1996-03-24"
14,1996,1012,NA,NA,NA,NA,86,NA,NA,NA,NA,"1996-03-31"
15,1996,1108,NA,NA,NA,NA,96,NA,NA,NA,NA,"1996-04-07"
16,1996,1170,NA,NA,NA,NA,62,NA,NA,NA,NA,"1996-04-14"
17,1996,1249,NA,NA,NA,NA,79,NA,NA,NA,NA,"1996-04-21"
18,1996,1322,NA,NA,NA,NA,73,NA,NA,NA,NA,"1996-04-28"
19,1996,1392,NA,NA,NA,NA,70,NA,NA,NA,NA,"1996-05-05"
20,1996,1476,NA,NA,NA,NA,84,NA,NA,NA,NA,"1996-05-12"
21,1996,1547,NA,NA,NA,NA,71,NA,NA,NA,NA,"1996-05-19"
22,1996,1600,NA,NA,NA,NA,53,NA,NA,NA,NA,"1996-05-26"
23,1996,1684,NA,NA,NA,NA,84,NA,NA,NA,NA,"1996-06-02"
24,1996,1743,NA,NA,NA,NA,59,NA,NA,NA,NA,"1996-06-09"
25,1996,1823,NA,NA,NA,NA,80,NA,NA,NA,NA,"1996-06-16"
26,1996,1859,NA,NA,NA,NA,36,NA,NA,NA,NA,"1996-06-23"
27,1996,1953,NA,NA,NA,NA,94,NA,NA,NA,NA,"1996-06-30"
28,1996,2008,NA,NA,NA,NA,55,NA,NA,NA,NA,"1996-07-07"
29,1996,2071,NA,NA,NA,NA,63,NA,NA,NA,NA,"1996-07-14"
30,1996,2129,NA,NA,NA,NA,58,NA,NA,NA,NA,"1996-07-21"
31,1996,2174,NA,NA,NA,NA,45,NA,NA,NA,NA,"1996-07-28"
32,1996,2216,NA,NA,NA,NA,42,NA,NA,NA,NA,"1996-08-04"
33,1996,2266,NA,NA,NA,NA,50,NA,NA,NA,NA,"1996-08-11"
35,1996,2275,NA,NA,NA,NA,24,NA,NA,NA,NA,"1996-08-25"
36,1996,2306,NA,NA,NA,NA,31,NA,NA,NA,NA,"1996-09-01"
37,1996,2344,NA,NA,NA,NA,38,NA,NA,NA,NA,"1996-09-08"
38,1996,2375,NA,NA,NA,NA,31,NA,NA,NA,NA,"1996-09-15"
39,1996,2433,NA,NA,NA,NA,58,NA,NA,NA,NA,"1996-09-22"
40,1996,2474,NA,NA,NA,NA,41,NA,NA,NA,NA,"1996-09-29"
41,1996,2535,NA,NA,NA,NA,61,NA,NA,NA,NA,"1996-10-06"
42,1996,2582,NA,NA,NA,NA,47,NA,NA,NA,NA,"1996-10-13"
43,1996,2649,NA,NA,NA,NA,67,NA,NA,NA,NA,"1996-10-20"
44,1996,2713,NA,NA,NA,NA,64,NA,NA,NA,NA,"1996-10-27"
45,1996,2750,NA,NA,NA,NA,37,NA,NA,NA,NA,"1996-11-03"
46,1996,2803,NA,NA,NA,NA,53,NA,NA,NA,NA,"1996-11-10"
47,1996,2859,NA,NA,NA,NA,56,NA,NA,NA,NA,"1996-11-17"
48,1996,2915,NA,NA,NA,NA,56,NA,NA,NA,NA,"1996-11-24"
49,1996,2966,NA,NA,NA,NA,51,NA,NA,NA,NA,"1996-12-01"
50,1996,3058,NA,NA,NA,NA,92,NA,NA,NA,NA,"1996-12-08"
51,1996,3122,NA,NA,NA,NA,64,NA,NA,NA,NA,"1996-12-15"
52,1996,3176,NA,NA,NA,NA,54,NA,NA,NA,NA,"1996-12-22"
1,1997,12,NA,NA,NA,NA,12,NA,NA,NA,NA,"1996-12-29"
2,1997,56,NA,NA,NA,NA,44,NA,NA,NA,NA,"1997-01-05"
3,1997,130,NA,NA,NA,NA,74,NA,NA,NA,NA,"1997-01-12"
4,1997,208,NA,NA,NA,NA,78,NA,NA,NA,NA,"1997-01-19"
5,1997,284,NA,NA,NA,NA,76,NA,NA,NA,NA,"1997-01-26"
6,1997,371,NA,NA,NA,NA,87,NA,NA,NA,NA,"1997-02-02"
7,1997,442,NA,NA,NA,NA,71,NA,NA,NA,NA,"1997-02-09"
8,1997,535,NA,NA,NA,NA,93,NA,NA,NA,NA,"1997-02-16"
9,1997,639,NA,NA,NA,NA,104,NA,NA,NA,NA,"1997-02-23"
10,1997,732,NA,NA,NA,NA,93,NA,NA,NA,NA,"1997-03-02"
11,1997,821,NA,NA,NA,NA,89,NA,NA,NA,NA,"1997-03-09"
12,1997,911,NA,NA,NA,NA,90,NA,NA,NA,NA,"1997-03-16"
13,1997,1034,NA,NA,NA,NA,123,NA,NA,NA,NA,"1997-03-23"
14,1997,1124,NA,NA,NA,NA,90,NA,NA,NA,NA,"1997-03-30"
15,1997,1202,NA,NA,NA,NA,78,NA,NA,NA,NA,"1997-04-06"
16,1997,1276,NA,NA,NA,NA,74,NA,NA,NA,NA,"1997-04-13"
17,1997,1344,NA,NA,NA,NA,68,NA,NA,NA,NA,"1997-04-20"
18,1997,1454,NA,NA,NA,NA,110,NA,NA,NA,NA,"1997-04-27"
19,1997,1522,NA,NA,NA,NA,68,NA,NA,NA,NA,"1997-05-04"
20,1997,1598,NA,NA,NA,NA,76,NA,NA,NA,NA,"1997-05-11"
21,1997,1645,NA,NA,NA,NA,47,NA,NA,NA,NA,"1997-05-18"
22,1997,1700,NA,NA,NA,NA,55,NA,NA,NA,NA,"1997-05-25"
23,1997,1790,NA,NA,NA,NA,90,NA,NA,NA,NA,"1997-06-01"
24,1997,1857,NA,NA,NA,NA,67,NA,NA,NA,NA,"1997-06-08"
25,1997,1920,NA,NA,NA,NA,63,NA,NA,NA,NA,"1997-06-15"
26,1997,1961,NA,NA,NA,NA,41,NA,NA,NA,NA,"1997-06-22"
27,1997,2000,NA,NA,NA,NA,39,NA,NA,NA,NA,"1997-06-29"
28,1997,2045,NA,NA,NA,NA,45,NA,NA,NA,NA,"1997-07-06"
29,1997,2086,NA,NA,NA,NA,41,NA,NA,NA,NA,"1997-07-13"
30,1997,2114,NA,NA,NA,NA,28,NA,NA,NA,NA,"1997-07-20"
31,1997,2170,NA,NA,NA,NA,56,NA,NA,NA,NA,"1997-07-27"
32,1997,2198,NA,NA,NA,NA,28,NA,NA,NA,NA,"1997-08-03"
33,1997,2230,NA,NA,NA,NA,32,NA,NA,NA,NA,"1997-08-10"
34,1997,2286,NA,NA,NA,NA,56,NA,NA,NA,NA,"1997-08-17"
35,1997,2308,NA,NA,NA,NA,22,NA,NA,NA,NA,"1997-08-24"
36,1997,2340,NA,NA,NA,NA,32,NA,NA,NA,NA,"1997-08-31"
37,1997,2379,NA,NA,NA,NA,39,NA,NA,NA,NA,"1997-09-07"
38,1997,2417,NA,NA,NA,NA,38,NA,NA,NA,NA,"1997-09-14"
39,1997,2454,NA,NA,NA,NA,37,NA,NA,NA,NA,"1997-09-21"
40,1997,2516,NA,NA,NA,NA,62,NA,NA,NA,NA,"1997-09-28"
41,1997,2563,NA,NA,NA,NA,47,NA,NA,NA,NA,"1997-10-05"
42,1997,2629,NA,NA,NA,NA,66,NA,NA,NA,NA,"1997-10-12"
43,1997,2668,NA,NA,NA,NA,39,NA,NA,NA,NA,"1997-10-19"
44,1997,2719,NA,NA,NA,NA,51,NA,NA,NA,NA,"1997-10-26"
45,1997,2772,NA,NA,NA,NA,53,NA,NA,NA,NA,"1997-11-02"
46,1997,2814,NA,NA,NA,NA,42,NA,NA,NA,NA,"1997-11-09"
47,1997,2851,NA,NA,NA,NA,37,NA,NA,NA,NA,"1997-11-16"
48,1997,2873,NA,NA,NA,NA,22,NA,NA,NA,NA,"1997-11-23"
49,1997,2928,NA,NA,NA,NA,55,NA,NA,NA,NA,"1997-11-30"
50,1997,2972,NA,NA,NA,NA,44,NA,NA,NA,NA,"1997-12-07"
51,1997,3024,NA,NA,NA,NA,52,NA,NA,NA,NA,"1997-12-14"
52,1997,3078,NA,NA,NA,NA,54,NA,NA,NA,NA,"1997-12-21"
53,1997,3117,NA,NA,NA,NA,39,NA,NA,NA,NA,"1997-12-28"
1,1998,24,NA,NA,NA,NA,24,NA,NA,NA,NA,"1998-01-04"
2,1998,94,NA,NA,NA,NA,70,NA,NA,NA,NA,"1998-01-11"
3,1998,138,NA,NA,NA,NA,44,NA,NA,NA,NA,"1998-01-18"
4,1998,206,NA,NA,NA,NA,68,NA,NA,NA,NA,"1998-01-25"
5,1998,262,NA,NA,NA,NA,56,NA,NA,NA,NA,"1998-02-01"
6,1998,311,NA,NA,NA,NA,49,NA,NA,NA,NA,"1998-02-08"
7,1998,379,NA,NA,NA,NA,68,NA,NA,NA,NA,"1998-02-15"
8,1998,439,NA,NA,NA,NA,60,NA,NA,NA,NA,"1998-02-22"
9,1998,521,NA,NA,NA,NA,82,NA,NA,NA,NA,"1998-03-01"
10,1998,607,NA,NA,NA,NA,86,NA,NA,NA,NA,"1998-03-08"
11,1998,650,NA,NA,NA,NA,43,NA,NA,NA,NA,"1998-03-15"
12,1998,701,NA,NA,NA,NA,51,NA,NA,NA,NA,"1998-03-22"
13,1998,804,NA,NA,NA,NA,103,NA,NA,NA,NA,"1998-03-29"
14,1998,855,NA,NA,NA,NA,51,NA,NA,NA,NA,"1998-04-05"
15,1998,932,NA,NA,NA,NA,77,NA,NA,NA,NA,"1998-04-12"
16,1998,986,NA,NA,NA,NA,54,NA,NA,NA,NA,"1998-04-19"
17,1998,1026,NA,NA,NA,NA,40,NA,NA,NA,NA,"1998-04-26"
18,1998,1111,NA,NA,NA,NA,85,NA,NA,NA,NA,"1998-05-03"
19,1998,1147,NA,NA,NA,NA,36,NA,NA,NA,NA,"1998-05-10"
20,1998,1180,NA,NA,NA,NA,33,NA,NA,NA,NA,"1998-05-17"
21,1998,1222,NA,NA,NA,NA,42,NA,NA,NA,NA,"1998-05-24"
22,1998,1293,NA,NA,NA,NA,71,NA,NA,NA,NA,"1998-05-31"
23,1998,1346,NA,NA,NA,NA,53,NA,NA,NA,NA,"1998-06-07"
24,1998,1404,NA,NA,NA,NA,58,NA,NA,NA,NA,"1998-06-14"
25,1998,1472,NA,NA,NA,NA,68,NA,NA,NA,NA,"1998-06-21"
26,1998,1540,NA,NA,NA,NA,68,NA,NA,NA,NA,"1998-06-28"
27,1998,1584,NA,NA,NA,NA,44,NA,NA,NA,NA,"1998-07-05"
28,1998,1617,NA,NA,NA,NA,33,NA,NA,NA,NA,"1998-07-12"
29,1998,1653,NA,NA,NA,NA,36,NA,NA,NA,NA,"1998-07-19"
30,1998,1684,NA,NA,NA,NA,31,NA,NA,NA,NA,"1998-07-26"
31,1998,1723,NA,NA,NA,NA,39,NA,NA,NA,NA,"1998-08-02"
32,1998,1772,NA,NA,NA,NA,49,NA,NA,NA,NA,"1998-08-09"
33,1998,1830,NA,NA,NA,NA,58,NA,NA,NA,NA,"1998-08-16"
34,1998,1865,NA,NA,NA,NA,35,NA,NA,NA,NA,"1998-08-23"
35,1998,1911,NA,NA,NA,NA,46,NA,NA,NA,NA,"1998-08-30"
36,1998,1939,NA,NA,NA,NA,28,NA,NA,NA,NA,"1998-09-06"
37,1998,1963,NA,NA,NA,NA,24,NA,NA,NA,NA,"1998-09-13"
38,1998,2005,NA,NA,NA,NA,42,NA,NA,NA,NA,"1998-09-20"
39,1998,2045,NA,NA,NA,NA,40,NA,NA,NA,NA,"1998-09-27"
40,1998,2077,NA,NA,NA,NA,32,NA,NA,NA,NA,"1998-10-04"
41,1998,2112,NA,NA,NA,NA,35,NA,NA,NA,NA,"1998-10-11"
42,1998,2161,NA,NA,NA,NA,49,NA,NA,NA,NA,"1998-10-18"
43,1998,2200,NA,NA,NA,NA,39,NA,NA,NA,NA,"1998-10-25"
44,1998,2260,NA,NA,NA,NA,60,NA,NA,NA,NA,"1998-11-01"
45,1998,2306,NA,NA,NA,NA,46,NA,NA,NA,NA,"1998-11-08"
46,1998,2335,NA,NA,NA,NA,29,NA,NA,NA,NA,"1998-11-15"
47,1998,2375,NA,NA,NA,NA,40,NA,NA,NA,NA,"1998-11-22"
48,1998,2418,NA,NA,NA,NA,43,NA,NA,NA,NA,"1998-11-29"
49,1998,2488,NA,NA,NA,NA,70,NA,NA,NA,NA,"1998-12-06"
50,1998,2538,NA,NA,NA,NA,50,NA,NA,NA,NA,"1998-12-13"
51,1998,2585,NA,NA,NA,NA,47,NA,NA,NA,NA,"1998-12-20"
52,1998,2633,NA,NA,NA,NA,48,NA,NA,NA,NA,"1998-12-27"
1,1999,17,NA,NA,NA,NA,17,NA,NA,NA,NA,"1999-01-03"
2,1999,41,NA,NA,NA,NA,24,NA,NA,NA,NA,"1999-01-10"
3,1999,73,NA,NA,NA,NA,32,NA,NA,NA,NA,"1999-01-17"
4,1999,113,NA,NA,NA,NA,40,NA,NA,NA,NA,"1999-01-24"
5,1999,178,NA,NA,NA,NA,65,NA,NA,NA,NA,"1999-01-31"
6,1999,213,NA,NA,NA,NA,35,NA,NA,NA,NA,"1999-02-07"
7,1999,246,NA,NA,NA,NA,33,NA,NA,NA,NA,"1999-02-14"
8,1999,318,NA,NA,NA,NA,72,NA,NA,NA,NA,"1999-02-21"
9,1999,399,NA,NA,NA,NA,81,NA,NA,NA,NA,"1999-02-28"
10,1999,474,NA,NA,NA,NA,75,NA,NA,NA,NA,"1999-03-07"
11,1999,539,NA,NA,NA,NA,65,NA,NA,NA,NA,"1999-03-14"
12,1999,608,NA,NA,NA,NA,69,NA,NA,NA,NA,"1999-03-21"
13,1999,667,NA,NA,NA,NA,59,NA,NA,NA,NA,"1999-03-28"
14,1999,725,NA,NA,NA,NA,58,NA,NA,NA,NA,"1999-04-04"
15,1999,775,NA,NA,NA,NA,50,NA,NA,NA,NA,"1999-04-11"
16,1999,833,NA,NA,NA,NA,58,NA,NA,NA,NA,"1999-04-18"
17,1999,893,NA,NA,NA,NA,60,NA,NA,NA,NA,"1999-04-25"
18,1999,945,NA,NA,NA,NA,52,NA,NA,NA,NA,"1999-05-02"
19,1999,985,NA,NA,NA,NA,40,NA,NA,NA,NA,"1999-05-09"
20,1999,1033,NA,NA,NA,NA,48,NA,NA,NA,NA,"1999-05-16"
21,1999,1109,NA,NA,NA,NA,76,NA,NA,NA,NA,"1999-05-23"
22,1999,1158,NA,NA,NA,NA,49,NA,NA,NA,NA,"1999-05-30"
23,1999,1213,NA,NA,NA,NA,55,NA,NA,NA,NA,"1999-06-06"
24,1999,1258,NA,NA,NA,NA,45,NA,NA,NA,NA,"1999-06-13"
25,1999,1301,NA,NA,NA,NA,43,NA,NA,NA,NA,"1999-06-20"
26,1999,1330,NA,NA,NA,NA,29,NA,NA,NA,NA,"1999-06-27"
27,1999,1358,NA,NA,NA,NA,28,NA,NA,NA,NA,"1999-07-04"
28,1999,1416,NA,NA,NA,NA,58,NA,NA,NA,NA,"1999-07-11"
29,1999,1483,NA,NA,NA,NA,67,NA,NA,NA,NA,"1999-07-18"
30,1999,1520,NA,NA,NA,NA,37,NA,NA,NA,NA,"1999-07-25"
31,1999,1565,NA,NA,NA,NA,45,NA,NA,NA,NA,"1999-08-01"
32,1999,1586,NA,NA,NA,NA,21,NA,NA,NA,NA,"1999-08-08"
33,1999,1615,NA,NA,NA,NA,29,NA,NA,NA,NA,"1999-08-15"
34,1999,1654,NA,NA,NA,NA,39,NA,NA,NA,NA,"1999-08-22"
35,1999,1698,NA,NA,NA,NA,44,NA,NA,NA,NA,"1999-08-29"
36,1999,1729,NA,NA,NA,NA,31,NA,NA,NA,NA,"1999-09-05"
37,1999,1746,NA,NA,NA,NA,17,NA,NA,NA,NA,"1999-09-12"
38,1999,1770,NA,NA,NA,NA,24,NA,NA,NA,NA,"1999-09-19"
39,1999,1819,NA,NA,NA,NA,49,NA,NA,NA,NA,"1999-09-26"
40,1999,1861,NA,NA,NA,NA,42,NA,NA,NA,NA,"1999-10-03"
41,1999,1897,NA,NA,NA,NA,36,NA,NA,NA,NA,"1999-10-10"
42,1999,1938,NA,NA,NA,NA,41,NA,NA,NA,NA,"1999-10-17"
43,1999,1982,NA,NA,NA,NA,44,NA,NA,NA,NA,"1999-10-24"
44,1999,2020,NA,NA,NA,NA,38,NA,NA,NA,NA,"1999-10-31"
45,1999,2054,NA,NA,NA,NA,34,NA,NA,NA,NA,"1999-11-07"
46,1999,2073,NA,NA,NA,NA,19,NA,NA,NA,NA,"1999-11-14"
47,1999,2119,NA,NA,NA,NA,46,NA,NA,NA,NA,"1999-11-21"
48,1999,2149,NA,NA,NA,NA,30,NA,NA,NA,NA,"1999-11-28"
49,1999,2197,NA,NA,NA,NA,48,NA,NA,NA,NA,"1999-12-05"
50,1999,2223,NA,NA,NA,NA,26,NA,NA,NA,NA,"1999-12-12"
51,1999,2282,NA,NA,NA,NA,59,NA,NA,NA,NA,"1999-12-19"
52,1999,2352,NA,NA,NA,NA,70,NA,NA,NA,NA,"1999-12-26"
1,2000,15,NA,NA,NA,NA,15,NA,NA,NA,NA,"2000-01-02"
2,2000,52,NA,NA,NA,NA,37,NA,NA,NA,NA,"2000-01-09"
3,2000,81,NA,NA,NA,NA,29,NA,NA,NA,NA,"2000-01-16"
4,2000,138,NA,NA,NA,NA,57,NA,NA,NA,NA,"2000-01-23"
5,2000,178,NA,NA,NA,NA,40,NA,NA,NA,NA,"2000-01-30"
6,2000,265,NA,NA,NA,NA,87,NA,NA,NA,NA,"2000-02-06"
7,2000,301,NA,NA,NA,NA,36,NA,NA,NA,NA,"2000-02-13"
8,2000,357,NA,NA,NA,NA,56,NA,NA,NA,NA,"2000-02-20"
9,2000,410,NA,NA,NA,NA,53,NA,NA,NA,NA,"2000-02-27"
10,2000,460,NA,NA,NA,NA,50,NA,NA,NA,NA,"2000-03-05"
11,2000,528,NA,NA,NA,NA,68,NA,NA,NA,NA,"2000-03-12"
12,2000,576,NA,NA,NA,NA,48,NA,NA,NA,NA,"2000-03-19"
13,2000,631,NA,NA,NA,NA,55,NA,NA,NA,NA,"2000-03-26"
14,2000,700,NA,NA,NA,NA,69,NA,NA,NA,NA,"2000-04-02"
15,2000,733,NA,NA,NA,NA,33,NA,NA,NA,NA,"2000-04-09"
16,2000,770,NA,NA,NA,NA,37,NA,NA,NA,NA,"2000-04-16"
17,2000,796,NA,NA,NA,NA,26,NA,NA,NA,NA,"2000-04-23"
18,2000,847,NA,NA,NA,NA,51,NA,NA,NA,NA,"2000-04-30"
19,2000,924,NA,NA,NA,NA,77,NA,NA,NA,NA,"2000-05-07"
20,2000,966,NA,NA,NA,NA,42,NA,NA,NA,NA,"2000-05-14"
21,2000,968,NA,NA,NA,NA,2,NA,NA,NA,NA,"2000-05-21"
22,2000,1054,NA,NA,NA,NA,86,NA,NA,NA,NA,"2000-05-28"
23,2000,1089,NA,NA,NA,NA,35,NA,NA,NA,NA,"2000-06-04"
24,2000,1122,NA,NA,NA,NA,33,NA,NA,NA,NA,"2000-06-11"
25,2000,1153,NA,NA,NA,NA,31,NA,NA,NA,NA,"2000-06-18"
26,2000,1190,NA,NA,NA,NA,37,NA,NA,NA,NA,"2000-06-25"
27,2000,1229,NA,NA,NA,NA,39,NA,NA,NA,NA,"2000-07-02"
28,2000,1269,NA,NA,NA,NA,40,NA,NA,NA,NA,"2000-07-09"
29,2000,1299,NA,NA,NA,NA,30,NA,NA,NA,NA,"2000-07-16"
30,2000,1336,NA,NA,NA,NA,37,NA,NA,NA,NA,"2000-07-23"
31,2000,1380,NA,NA,NA,NA,44,NA,NA,NA,NA,"2000-07-30"
32,2000,1406,NA,NA,NA,NA,26,NA,NA,NA,NA,"2000-08-06"
33,2000,1421,NA,NA,NA,NA,15,NA,NA,NA,NA,"2000-08-13"
34,2000,1439,NA,NA,NA,NA,18,NA,NA,NA,NA,"2000-08-20"
35,2000,1467,NA,NA,NA,NA,28,NA,NA,NA,NA,"2000-08-27"
36,2000,1488,NA,NA,NA,NA,21,NA,NA,NA,NA,"2000-09-03"
37,2000,1514,NA,NA,NA,NA,26,NA,NA,NA,NA,"2000-09-10"
38,2000,1548,NA,NA,NA,NA,34,NA,NA,NA,NA,"2000-09-17"
39,2000,1601,NA,NA,NA,NA,53,NA,NA,NA,NA,"2000-09-24"
40,2000,1630,NA,NA,NA,NA,29,NA,NA,NA,NA,"2000-10-01"
41,2000,1674,NA,NA,NA,NA,44,NA,NA,NA,NA,"2000-10-08"
42,2000,1702,NA,NA,NA,NA,28,NA,NA,NA,NA,"2000-10-15"
43,2000,1736,NA,NA,NA,NA,34,NA,NA,NA,NA,"2000-10-22"
44,2000,1754,NA,NA,NA,NA,18,NA,NA,NA,NA,"2000-10-29"
45,2000,1805,NA,NA,NA,NA,51,NA,NA,NA,NA,"2000-11-05"
46,2000,1843,NA,NA,NA,NA,38,NA,NA,NA,NA,"2000-11-12"
47,2000,1869,NA,NA,NA,NA,26,NA,NA,NA,NA,"2000-11-19"
48,2000,1897,NA,NA,NA,NA,28,NA,NA,NA,NA,"2000-11-26"
49,2000,1921,NA,NA,NA,NA,24,NA,NA,NA,NA,"2000-12-03"
50,2000,1966,NA,NA,NA,NA,45,NA,NA,NA,NA,"2000-12-10"
51,2000,1999,NA,NA,NA,NA,33,NA,NA,NA,NA,"2000-12-17"
52,2000,2035,NA,NA,NA,NA,36,NA,NA,NA,NA,"2000-12-24"
1,2001,10,NA,NA,NA,NA,10,NA,NA,NA,NA,"2000-12-31"
2,2001,39,NA,NA,NA,NA,29,NA,NA,NA,NA,"2001-01-07"
3,2001,65,NA,NA,NA,NA,26,NA,NA,NA,NA,"2001-01-14"
4,2001,124,NA,NA,NA,NA,59,NA,NA,NA,NA,"2001-01-21"
5,2001,190,NA,NA,NA,NA,66,NA,NA,NA,NA,"2001-01-28"
6,2001,243,NA,NA,NA,NA,53,NA,NA,NA,NA,"2001-02-04"
7,2001,305,NA,NA,NA,NA,62,NA,NA,NA,NA,"2001-02-11"
8,2001,386,NA,NA,NA,NA,81,NA,NA,NA,NA,"2001-02-18"
9,2001,466,NA,NA,NA,NA,80,NA,NA,NA,NA,"2001-02-25"
10,2001,556,NA,NA,NA,NA,90,NA,NA,NA,NA,"2001-03-04"
11,2001,613,NA,NA,NA,NA,57,NA,NA,NA,NA,"2001-03-11"
12,2001,653,NA,NA,NA,NA,40,NA,NA,NA,NA,"2001-03-18"
13,2001,705,NA,NA,NA,NA,52,NA,NA,NA,NA,"2001-03-25"
14,2001,782,NA,NA,NA,NA,77,NA,NA,NA,NA,"2001-04-01"
15,2001,819,NA,NA,NA,NA,37,NA,NA,NA,NA,"2001-04-08"
16,2001,877,NA,NA,NA,NA,58,NA,NA,NA,NA,"2001-04-15"
17,2001,936,NA,NA,NA,NA,59,NA,NA,NA,NA,"2001-04-22"
18,2001,984,NA,NA,NA,NA,48,NA,NA,NA,NA,"2001-04-29"
19,2001,1053,NA,NA,NA,NA,69,NA,NA,NA,NA,"2001-05-06"
20,2001,1089,NA,NA,NA,NA,36,NA,NA,NA,NA,"2001-05-13"
21,2001,1111,NA,NA,NA,NA,22,NA,NA,NA,NA,"2001-05-20"
22,2001,1155,NA,NA,NA,NA,44,NA,NA,NA,NA,"2001-05-27"
23,2001,1192,NA,NA,NA,NA,37,NA,NA,NA,NA,"2001-06-03"
24,2001,1224,NA,NA,NA,NA,32,NA,NA,NA,NA,"2001-06-10"
25,2001,1250,NA,NA,NA,NA,26,NA,NA,NA,NA,"2001-06-17"
26,2001,1291,NA,NA,NA,NA,41,NA,NA,NA,NA,"2001-06-24"
27,2001,1329,NA,NA,NA,NA,38,NA,NA,NA,NA,"2001-07-01"
28,2001,1367,NA,NA,NA,NA,38,NA,NA,NA,NA,"2001-07-08"
29,2001,1393,NA,NA,NA,NA,26,NA,NA,NA,NA,"2001-07-15"
30,2001,1454,NA,NA,NA,NA,61,NA,NA,NA,NA,"2001-07-22"
31,2001,1475,NA,NA,NA,NA,21,NA,NA,NA,NA,"2001-07-29"
32,2001,1491,NA,NA,NA,NA,16,NA,NA,NA,NA,"2001-08-05"
33,2001,1529,NA,NA,NA,NA,38,NA,NA,NA,NA,"2001-08-12"
34,2001,1547,NA,NA,NA,NA,18,NA,NA,NA,NA,"2001-08-19"
35,2001,1560,NA,NA,NA,NA,13,NA,NA,NA,NA,"2001-08-26"
36,2001,1582,NA,NA,NA,NA,22,NA,NA,NA,NA,"2001-09-02"
37,2001,1614,NA,NA,NA,NA,32,NA,NA,NA,NA,"2001-09-09"
38,2001,1635,NA,NA,NA,NA,21,NA,NA,NA,NA,"2001-09-16"
39,2001,1663,NA,NA,NA,NA,28,NA,NA,NA,NA,"2001-09-23"
40,2001,1679,NA,NA,NA,NA,16,NA,NA,NA,NA,"2001-09-30"
41,2001,1708,NA,NA,NA,NA,29,NA,NA,NA,NA,"2001-10-07"
42,2001,1737,NA,NA,NA,NA,29,NA,NA,NA,NA,"2001-10-14"
43,2001,1748,NA,NA,NA,NA,11,NA,NA,NA,NA,"2001-10-21"
44,2001,1762,NA,NA,NA,NA,14,NA,NA,NA,NA,"2001-10-28"
45,2001,1871,NA,NA,NA,NA,109,NA,NA,NA,NA,"2001-11-04"
46,2001,1918,NA,NA,NA,NA,47,NA,NA,NA,NA,"2001-11-11"
47,2001,1963,NA,NA,NA,NA,45,NA,NA,NA,NA,"2001-11-18"
48,2001,2041,NA,NA,NA,NA,78,NA,NA,NA,NA,"2001-11-25"
49,2001,2092,NA,NA,NA,NA,51,NA,NA,NA,NA,"2001-12-02"
50,2001,2146,NA,NA,NA,NA,54,NA,NA,NA,NA,"2001-12-09"
51,2001,2226,NA,NA,NA,NA,80,NA,NA,NA,NA,"2001-12-16"
52,2001,2255,NA,NA,NA,NA,29,NA,NA,NA,NA,"2001-12-23"
1,2002,0,NA,NA,NA,NA,0,NA,NA,NA,NA,"2001-12-30"
2,2002,26,NA,NA,NA,NA,26,NA,NA,NA,NA,"2002-01-06"
3,2002,51,NA,NA,NA,NA,25,NA,NA,NA,NA,"2002-01-13"
4,2002,73,NA,NA,NA,NA,22,NA,NA,NA,NA,"2002-01-20"
5,2002,111,NA,NA,NA,NA,38,NA,NA,NA,NA,"2002-01-27"
6,2002,160,NA,NA,NA,NA,49,NA,NA,NA,NA,"2002-02-03"
7,2002,192,NA,NA,NA,NA,32,NA,NA,NA,NA,"2002-02-10"
8,2002,229,NA,NA,NA,NA,37,NA,NA,NA,NA,"2002-02-17"
9,2002,274,NA,NA,NA,NA,45,NA,NA,NA,NA,"2002-02-24"
10,2002,324,NA,NA,NA,NA,50,NA,NA,NA,NA,"2002-03-03"
11,2002,344,NA,NA,NA,NA,20,NA,NA,NA,NA,"2002-03-10"
12,2002,383,NA,NA,NA,NA,39,NA,NA,NA,NA,"2002-03-17"
13,2002,417,NA,NA,NA,NA,34,NA,NA,NA,NA,"2002-03-24"
14,2002,446,NA,NA,NA,NA,29,NA,NA,NA,NA,"2002-03-31"
15,2002,503,NA,NA,NA,NA,57,NA,NA,NA,NA,"2002-04-07"
16,2002,548,NA,NA,NA,NA,45,NA,NA,NA,NA,"2002-04-14"
17,2002,586,NA,NA,NA,NA,38,NA,NA,NA,NA,"2002-04-21"
18,2002,623,NA,NA,NA,NA,37,NA,NA,NA,NA,"2002-04-28"
19,2002,663,NA,NA,NA,NA,40,NA,NA,NA,NA,"2002-05-05"
20,2002,699,NA,NA,NA,NA,36,NA,NA,NA,NA,"2002-05-12"
21,2002,725,NA,NA,NA,NA,26,NA,NA,NA,NA,"2002-05-19"
22,2002,756,NA,NA,NA,NA,31,NA,NA,NA,NA,"2002-05-26"
23,2002,796,NA,NA,NA,NA,40,NA,NA,NA,NA,"2002-06-02"
24,2002,836,NA,NA,NA,NA,40,NA,NA,NA,NA,"2002-06-09"
25,2002,872,NA,NA,NA,NA,36,NA,NA,NA,NA,"2002-06-16"
26,2002,894,NA,NA,NA,NA,22,NA,NA,NA,NA,"2002-06-23"
27,2002,927,NA,NA,NA,NA,33,NA,NA,NA,NA,"2002-06-30"
28,2002,942,NA,NA,NA,NA,15,NA,NA,NA,NA,"2002-07-07"
29,2002,979,NA,NA,NA,NA,37,NA,NA,NA,NA,"2002-07-14"
30,2002,987,NA,NA,NA,NA,8,NA,NA,NA,NA,"2002-07-21"
31,2002,1017,NA,NA,NA,NA,30,NA,NA,NA,NA,"2002-07-28"
32,2002,1028,NA,NA,NA,NA,11,NA,NA,NA,NA,"2002-08-04"
33,2002,1144,NA,NA,NA,NA,116,NA,NA,NA,NA,"2002-08-11"
34,2002,1175,NA,NA,NA,NA,31,NA,NA,NA,NA,"2002-08-18"
35,2002,1197,NA,NA,NA,NA,22,NA,NA,NA,NA,"2002-08-25"
36,2002,1215,NA,NA,NA,NA,18,NA,NA,NA,NA,"2002-09-01"
37,2002,1259,NA,NA,NA,NA,44,NA,NA,NA,NA,"2002-09-08"
38,2002,1285,NA,NA,NA,NA,26,NA,NA,NA,NA,"2002-09-15"
39,2002,1302,NA,NA,NA,NA,17,NA,NA,NA,NA,"2002-09-22"
40,2002,1323,NA,NA,NA,NA,21,NA,NA,NA,NA,"2002-09-29"
41,2002,1344,NA,NA,NA,NA,21,NA,NA,NA,NA,"2002-10-06"
42,2002,1367,NA,NA,NA,NA,23,NA,NA,NA,NA,"2002-10-13"
43,2002,1384,NA,NA,NA,NA,17,NA,NA,NA,NA,"2002-10-20"
44,2002,1425,NA,NA,NA,NA,41,NA,NA,NA,NA,"2002-10-27"
45,2002,1425,NA,NA,NA,NA,0,NA,NA,NA,NA,"2002-11-03"
46,2002,1467,NA,NA,NA,NA,42,NA,NA,NA,NA,"2002-11-10"
47,2002,1484,NA,NA,NA,NA,17,NA,NA,NA,NA,"2002-11-17"
48,2002,1520,NA,NA,NA,NA,36,NA,NA,NA,NA,"2002-11-24"
49,2002,1541,NA,NA,NA,NA,21,NA,NA,NA,NA,"2002-12-01"
50,2002,1555,NA,NA,NA,NA,14,NA,NA,NA,NA,"2002-12-08"
51,2002,1578,NA,NA,NA,NA,23,NA,NA,NA,NA,"2002-12-15"
52,2002,1595,NA,NA,NA,NA,17,NA,NA,NA,NA,"2002-12-22"
1,2003,25,NA,NA,NA,NA,25,NA,NA,NA,NA,"2002-12-29"
2,2003,25,NA,NA,NA,NA,0,NA,NA,NA,NA,"2003-01-05"
3,2003,49,NA,NA,NA,NA,24,NA,NA,NA,NA,"2003-01-12"
4,2003,77,NA,NA,NA,NA,28,NA,NA,NA,NA,"2003-01-19"
5,2003,95,NA,NA,NA,NA,18,NA,NA,NA,NA,"2003-01-26"
6,2003,119,NA,NA,NA,NA,24,NA,NA,NA,NA,"2003-02-02"
7,2003,153,NA,NA,NA,NA,34,NA,NA,NA,NA,"2003-02-09"
8,2003,195,NA,NA,NA,NA,42,NA,NA,NA,NA,"2003-02-16"
9,2003,231,NA,NA,NA,NA,36,NA,NA,NA,NA,"2003-02-23"
10,2003,282,NA,NA,NA,NA,51,NA,NA,NA,NA,"2003-03-02"
11,2003,342,NA,NA,NA,NA,60,NA,NA,NA,NA,"2003-03-09"
12,2003,402,NA,NA,NA,NA,60,NA,NA,NA,NA,"2003-03-16"
13,2003,452,NA,NA,NA,NA,50,NA,NA,NA,NA,"2003-03-23"
14,2003,508,NA,NA,NA,NA,56,NA,NA,NA,NA,"2003-03-30"
15,2003,575,NA,NA,NA,NA,67,NA,NA,NA,NA,"2003-04-06"
16,2003,609,NA,NA,NA,NA,34,NA,NA,NA,NA,"2003-04-13"
17,2003,647,NA,NA,NA,NA,38,NA,NA,NA,NA,"2003-04-20"
18,2003,683,NA,NA,NA,NA,36,NA,NA,NA,NA,"2003-04-27"
19,2003,740,NA,NA,NA,NA,57,NA,NA,NA,NA,"2003-05-04"
20,2003,789,NA,NA,NA,NA,49,NA,NA,NA,NA,"2003-05-11"
21,2003,830,NA,NA,NA,NA,41,NA,NA,NA,NA,"2003-05-18"
22,2003,872,NA,NA,NA,NA,42,NA,NA,NA,NA,"2003-05-25"
23,2003,954,NA,NA,NA,NA,82,NA,NA,NA,NA,"2003-06-01"
24,2003,1001,NA,NA,NA,NA,47,NA,NA,NA,NA,"2003-06-08"
26,2003,870,NA,NA,NA,NA,36,NA,NA,NA,NA,"2003-06-22"
27,2003,896,NA,NA,NA,NA,26,NA,NA,NA,NA,"2003-06-29"
28,2003,930,NA,NA,NA,NA,34,NA,NA,NA,NA,"2003-07-06"
29,2003,958,NA,NA,NA,NA,28,NA,NA,NA,NA,"2003-07-13"
30,2003,980,NA,NA,NA,NA,22,NA,NA,NA,NA,"2003-07-20"
31,2003,1006,NA,NA,NA,NA,26,NA,NA,NA,NA,"2003-07-27"
32,2003,1038,NA,NA,NA,NA,32,NA,NA,NA,NA,"2003-08-03"
33,2003,1056,NA,NA,NA,NA,18,NA,NA,NA,NA,"2003-08-10"
34,2003,1070,NA,NA,NA,NA,14,NA,NA,NA,NA,"2003-08-17"
35,2003,1090,NA,NA,NA,NA,20,NA,NA,NA,NA,"2003-08-24"
36,2003,1132,NA,NA,NA,NA,42,NA,NA,NA,NA,"2003-08-31"
37,2003,1150,NA,NA,NA,NA,18,NA,NA,NA,NA,"2003-09-07"
38,2003,1189,NA,NA,NA,NA,39,NA,NA,NA,NA,"2003-09-14"
39,2003,1223,NA,NA,NA,NA,34,NA,NA,NA,NA,"2003-09-21"
40,2003,1241,NA,NA,NA,NA,18,NA,NA,NA,NA,"2003-09-28"
41,2003,1278,NA,NA,NA,NA,37,NA,NA,NA,NA,"2003-10-05"
42,2003,1319,NA,NA,NA,NA,41,NA,NA,NA,NA,"2003-10-12"
43,2003,1338,NA,NA,NA,NA,19,NA,NA,NA,NA,"2003-10-19"
44,2003,1344,NA,NA,NA,NA,6,NA,NA,NA,NA,"2003-10-26"
45,2003,1376,NA,NA,NA,NA,32,NA,NA,NA,NA,"2003-11-02"
46,2003,1387,NA,NA,NA,NA,11,NA,NA,NA,NA,"2003-11-09"
47,2003,1401,NA,NA,NA,NA,14,NA,NA,NA,NA,"2003-11-16"
48,2003,1423,NA,NA,NA,NA,22,NA,NA,NA,NA,"2003-11-23"
49,2003,1460,NA,NA,NA,NA,37,NA,NA,NA,NA,"2003-11-30"
50,2003,1498,NA,NA,NA,NA,38,NA,NA,NA,NA,"2003-12-07"
51,2003,1520,NA,NA,NA,NA,22,NA,NA,NA,NA,"2003-12-14"
52,2003,1550,NA,NA,NA,NA,30,NA,NA,NA,NA,"2003-12-21"
53,2003,1588,NA,NA,NA,NA,38,NA,NA,NA,NA,"2003-12-28"
1,2004,59,1,0,0,0,59,0,1,0,0,"2004-01-04"
2,2004,101,6,0,0,21,42,21,5,0,0,"2004-01-11"
3,2004,116,8,1,0,107,15,86,2,1,0,"2004-01-18"
4,2004,156,14,5,0,137,40,30,6,4,0,"2004-01-25"
5,2004,198,15,6,0,177,42,40,1,1,0,"2004-02-01"
6,2004,228,17,7,0,204,30,27,2,1,0,"2004-02-08"
7,2004,262,20,8,0,234,34,30,3,1,0,"2004-02-15"
8,2004,295,21,8,0,266,33,32,1,0,0,"2004-02-22"
9,2004,336,23,11,0,302,41,36,2,3,0,"2004-02-29"
10,2004,364,26,11,0,327,28,25,3,0,0,"2004-03-07"
11,2004,395,27,11,0,357,31,30,1,0,0,"2004-03-14"
12,2004,422,28,12,0,382,27,25,1,1,0,"2004-03-21"
13,2004,455,30,14,0,411,33,29,2,2,0,"2004-03-28"
14,2004,479,30,17,0,432,24,21,0,3,0,"2004-04-04"
15,2004,506,33,17,0,456,27,24,3,0,0,"2004-04-11"
16,2004,537,36,17,0,484,31,28,3,0,0,"2004-04-18"
17,2004,566,36,18,0,512,29,28,0,1,0,"2004-04-25"
18,2004,591,38,20,0,533,25,21,2,2,0,"2004-05-02"
19,2004,595,38,19,0,538,4,5,0,-1,0,"2004-05-09"
20,2004,617,39,24,0,554,22,16,1,5,0,"2004-05-16"
21,2004,636,42,26,0,568,19,14,3,2,0,"2004-05-23"
23,2004,664,47,27,0,590,29,27,1,1,0,"2004-06-06"
24,2004,683,50,27,0,606,19,16,3,0,0,"2004-06-13"
25,2004,715,54,29,1,631,32,25,4,2,1,"2004-06-20"
26,2004,729,57,30,1,641,14,10,3,1,0,"2004-06-27"
27,2004,744,60,30,1,653,15,12,3,0,0,"2004-07-04"
28,2004,762,60,30,1,671,18,18,0,0,0,"2004-07-11"
29,2004,780,62,31,1,686,18,15,2,1,0,"2004-07-18"
30,2004,798,64,32,1,701,18,15,2,1,0,"2004-07-25"
31,2004,810,64,32,1,713,12,12,0,0,0,"2004-08-01"
32,2004,826,65,34,1,726,16,13,1,2,0,"2004-08-08"
33,2004,834,65,35,1,733,8,7,0,1,0,"2004-08-15"
34,2004,846,68,35,1,742,12,9,3,0,0,"2004-08-22"
35,2004,855,70,35,1,749,9,7,2,0,0,"2004-08-29"
36,2004,875,70,35,1,769,20,20,0,0,0,"2004-09-05"
37,2004,897,71,36,1,789,22,20,1,1,0,"2004-09-12"
38,2004,915,72,36,1,806,18,17,1,0,0,"2004-09-19"
39,2004,931,72,37,1,821,16,15,0,1,0,"2004-09-26"
40,2004,956,74,37,1,844,25,23,2,0,0,"2004-10-03"
41,2004,966,74,37,1,854,10,10,0,0,0,"2004-10-10"
42,2004,988,76,38,1,873,22,19,2,1,0,"2004-10-17"
43,2004,1008,78,39,1,890,20,17,2,1,0,"2004-10-24"
44,2004,1028,79,39,1,909,20,19,1,0,0,"2004-10-31"
45,2004,1044,80,40,1,923,16,14,1,1,0,"2004-11-07"
46,2004,1063,82,40,1,940,19,17,2,0,0,"2004-11-14"
47,2004,1078,85,41,1,951,15,11,3,1,0,"2004-11-21"
48,2004,1103,85,43,1,974,25,23,0,2,0,"2004-11-28"
49,2004,1128,191,115,28,794,25,-180,106,72,27,"2004-12-05"
50,2004,1141,193,116,28,804,13,10,2,1,0,"2004-12-12"
51,2004,1162,195,120,28,819,21,15,2,4,0,"2004-12-19"
52,2004,1242,214,129,30,869,80,50,19,9,2,"2004-12-26"
1,2005,7,0,0,0,0,7,0,0,0,0,"2005-01-02"
2,2005,30,1,0,0,14,23,14,1,0,0,"2005-01-09"
3,2005,46,3,2,0,41,16,27,2,2,0,"2005-01-16"
4,2005,64,7,3,0,54,18,13,4,1,0,"2005-01-23"
5,2005,85,10,5,0,70,21,16,3,2,0,"2005-01-30"
6,2005,101,11,6,0,84,16,14,1,1,0,"2005-02-06"
7,2005,136,11,9,0,116,35,32,0,3,0,"2005-02-13"
8,2005,166,14,9,0,143,30,27,3,0,0,"2005-02-20"
9,2005,203,17,13,0,173,37,30,3,4,0,"2005-02-27"
10,2005,247,19,17,0,211,44,38,2,4,0,"2005-03-06"
11,2005,285,21,18,0,246,38,35,2,1,0,"2005-03-13"
12,2005,319,23,20,0,276,34,30,2,2,0,"2005-03-20"
13,2005,344,25,21,0,298,25,22,2,1,0,"2005-03-27"
14,2005,362,27,23,0,312,18,14,2,2,0,"2005-04-03"
15,2005,387,30,22,0,335,25,23,3,-1,0,"2005-04-10"
16,2005,411,33,25,1,352,24,17,3,3,1,"2005-04-17"
17,2005,443,34,26,1,382,32,30,1,1,0,"2005-04-24"
18,2005,467,36,26,1,404,24,22,2,0,0,"2005-05-01"
19,2005,532,67,28,1,436,65,32,31,2,0,"2005-05-08"
21,2005,554,44,27,0,483,36,34,2,1,-1,"2005-05-22"
22,2005,590,45,30,0,515,36,32,1,3,0,"2005-05-29"
23,2005,627,49,31,0,547,37,32,4,1,0,"2005-06-05"
24,2005,649,50,31,0,568,22,21,1,0,0,"2005-06-12"
25,2005,674,51,33,0,590,25,22,1,2,0,"2005-06-19"
26,2005,688,52,35,0,601,14,11,1,2,0,"2005-06-26"
27,2005,700,53,36,0,611,12,10,1,1,0,"2005-07-03"
28,2005,726,54,36,0,636,26,25,1,0,0,"2005-07-10"
30,2005,745,54,38,0,653,23,23,0,0,0,"2005-07-24"
31,2005,790,59,40,0,691,45,38,5,2,0,"2005-07-31"
32,2005,802,59,40,0,703,12,12,0,0,0,"2005-08-07"
33,2005,813,59,42,0,712,11,9,0,2,0,"2005-08-14"
34,2005,828,59,43,0,726,15,14,0,1,0,"2005-08-21"
35,2005,840,61,44,0,735,12,9,2,1,0,"2005-08-28"
36,2005,864,63,44,0,757,24,22,2,0,0,"2005-09-04"
37,2005,880,69,44,0,767,16,10,6,0,0,"2005-09-11"
38,2005,892,71,45,0,776,12,9,2,1,0,"2005-09-18"
39,2005,909,73,45,0,791,17,15,2,0,0,"2005-09-25"
40,2005,921,74,45,0,802,12,11,1,0,0,"2005-10-02"
41,2005,940,74,45,0,821,19,19,0,0,0,"2005-10-09"
42,2005,952,77,46,0,829,12,8,3,1,0,"2005-10-16"
43,2005,963,75,48,0,840,11,11,-2,2,0,"2005-10-23"
44,2005,985,78,48,0,859,22,19,3,0,0,"2005-10-30"
45,2005,995,79,48,0,868,10,9,1,0,0,"2005-11-06"
46,2005,1017,83,49,0,885,22,17,4,1,0,"2005-11-13"
47,2005,1033,84,51,0,898,16,13,1,2,0,"2005-11-20"
48,2005,1049,86,52,0,911,16,13,2,1,0,"2005-11-27"
49,2005,1061,206,128,17,710,12,-201,120,76,17,"2005-12-04"
50,2005,1072,207,129,17,719,11,9,1,1,0,"2005-12-11"
51,2005,1086,213,131,17,725,14,6,6,2,0,"2005-12-18"
52,2005,1111,218,132,17,744,25,19,5,1,0,"2005-12-25"
1,2006,5,NA,NA,NA,5,5,5,NA,NA,NA,"2006-01-01"
2,2006,14,NA,NA,NA,13,2,2,NA,NA,NA,"2006-01-08"
3,2006,36,NA,NA,NA,29,13,10,NA,NA,NA,"2006-01-15"
4,2006,63,NA,NA,NA,48,12,10,NA,NA,NA,"2006-01-22"
5,2006,93,NA,NA,NA,65,17,9,NA,NA,NA,"2006-01-29"
6,2006,109,NA,NA,NA,75,11,7,NA,NA,NA,"2006-02-05"
7,2006,133,NA,NA,NA,88,10,6,NA,NA,NA,"2006-02-12"
8,2006,166,NA,NA,NA,115,13,11,NA,NA,NA,"2006-02-19"
9,2006,203,NA,NA,NA,145,22,19,NA,NA,NA,"2006-02-26"
10,2006,234,NA,NA,NA,166,16,11,NA,NA,NA,"2006-03-05"
11,2006,259,NA,NA,NA,183,17,14,NA,NA,NA,"2006-03-12"
12,2006,300,NA,NA,NA,205,20,13,NA,NA,NA,"2006-03-19"
13,2006,345,NA,NA,NA,233,21,10,NA,NA,NA,"2006-03-26"
14,2006,365,NA,NA,NA,248,13,11,NA,NA,NA,"2006-04-02"
15,2006,388,NA,NA,NA,264,20,16,NA,NA,NA,"2006-04-09"
16,2006,415,NA,NA,NA,281,12,9,NA,NA,NA,"2006-04-16"
17,2006,434,NA,NA,NA,295,11,9,NA,NA,NA,"2006-04-23"
18,2006,469,NA,NA,NA,320,15,13,NA,NA,NA,"2006-04-30"
19,2006,493,NA,NA,NA,335,12,8,NA,NA,NA,"2006-05-07"
20,2006,522,NA,NA,NA,349,12,6,NA,NA,NA,"2006-05-14"
21,2006,547,NA,NA,NA,361,15,6,NA,NA,NA,"2006-05-21"
22,2006,567,NA,NA,NA,378,7,6,NA,NA,NA,"2006-05-28"
23,2006,580,NA,NA,NA,382,15,10,NA,NA,NA,"2006-06-04"
24,2006,600,NA,NA,NA,394,12,8,NA,NA,NA,"2006-06-11"
25,2006,620,NA,NA,NA,409,9,5,NA,NA,NA,"2006-06-18"
26,2006,643,NA,NA,NA,425,7,4,NA,NA,NA,"2006-06-25"
27,2006,663,NA,NA,NA,441,11,11,NA,NA,NA,"2006-07-02"
28,2006,662,NA,NA,NA,436,12,8,NA,NA,NA,"2006-07-09"
29,2006,683,NA,NA,NA,454,6,6,NA,NA,NA,"2006-07-16"
30,2006,698,NA,NA,NA,466,8,7,NA,NA,NA,"2006-07-23"
31,2006,681,NA,NA,NA,444,4,4,NA,NA,NA,"2006-07-30"
32,2006,731,NA,NA,NA,487,8,8,NA,NA,NA,"2006-08-06"
33,2006,740,NA,NA,NA,489,8,5,NA,NA,NA,"2006-08-13"
34,2006,754,NA,NA,NA,499,6,6,NA,NA,NA,"2006-08-20"
35,2006,770,NA,NA,NA,512,8,7,NA,NA,NA,"2006-08-27"
36,2006,787,NA,NA,NA,518,8,5,NA,NA,NA,"2006-09-03"
37,2006,803,NA,NA,NA,523,10,7,NA,NA,NA,"2006-09-10"
38,2006,815,NA,NA,NA,532,9,8,NA,NA,NA,"2006-09-17"
39,2006,823,NA,NA,NA,537,5,4,NA,NA,NA,"2006-09-24"
40,2006,840,NA,NA,NA,548,5,4,NA,NA,NA,"2006-10-01"
41,2006,855,NA,NA,NA,561,6,5,NA,NA,NA,"2006-10-08"
42,2006,869,NA,NA,NA,573,10,9,NA,NA,NA,"2006-10-15"
43,2006,886,NA,NA,NA,581,4,2,NA,NA,NA,"2006-10-22"
44,2006,900,NA,NA,NA,589,9,5,NA,NA,NA,"2006-10-29"
45,2006,869,NA,NA,NA,579,11,7,NA,NA,NA,"2006-11-05"
46,2006,890,NA,NA,NA,594,10,6,NA,NA,NA,"2006-11-12"
47,2006,907,NA,NA,NA,601,10,7,NA,NA,NA,"2006-11-19"
48,2006,943,NA,NA,NA,632,12,9,NA,NA,NA,"2006-11-26"
48,2006,943,NA,NA,NA,632,12,9,NA,NA,NA,"2006-11-26"
49,2006,1010,NA,NA,NA,659,16,12,NA,NA,NA,"2006-12-03"
50,2006,1022,NA,NA,NA,667,9,7,NA,NA,NA,"2006-12-10"
51,2006,1057,NA,NA,NA,685,19,12,NA,NA,NA,"2006-12-17"
52,2006,1063,NA,NA,NA,688,2,0,NA,NA,NA,"2006-12-24"
1,2007,6,NA,NA,NA,NA,6,NA,NA,NA,NA,"2006-12-31"
2,2007,17,NA,NA,NA,NA,5,NA,NA,NA,NA,"2007-01-07"
3,2007,29,NA,NA,NA,NA,9,NA,NA,NA,NA,"2007-01-14"
4,2007,52,NA,NA,NA,NA,11,NA,NA,NA,NA,"2007-01-21"
5,2007,71,NA,NA,NA,NA,11,NA,NA,NA,NA,"2007-01-28"
6,2007,91,NA,NA,NA,NA,15,NA,NA,NA,NA,"2007-02-04"
7,2007,110,NA,NA,NA,NA,15,NA,NA,NA,NA,"2007-02-11"
8,2007,129,NA,NA,NA,NA,8,NA,NA,NA,NA,"2007-02-18"
9,2007,150,NA,NA,NA,NA,11,NA,NA,NA,NA,"2007-02-25"
10,2007,168,NA,NA,NA,NA,18,NA,NA,NA,NA,"2007-03-04"
11,2007,192,NA,NA,NA,NA,18,NA,NA,NA,NA,"2007-03-11"
12,2007,219,NA,NA,NA,NA,6,NA,NA,NA,NA,"2007-03-18"
13,2007,242,NA,NA,NA,NA,16,NA,NA,NA,NA,"2007-03-25"
14,2007,271,NA,NA,NA,NA,17,NA,NA,NA,NA,"2007-04-01"
15,2007,309,NA,NA,NA,NA,12,NA,NA,NA,NA,"2007-04-08"
16,2007,335,NA,NA,NA,NA,18,NA,NA,NA,NA,"2007-04-15"
17,2007,354,NA,NA,NA,NA,13,NA,NA,NA,NA,"2007-04-22"
18,2007,382,NA,NA,NA,NA,9,NA,NA,NA,NA,"2007-04-29"
19,2007,396,NA,NA,NA,NA,7,NA,NA,NA,NA,"2007-05-06"
20,2007,427,NA,NA,NA,NA,11,NA,NA,NA,NA,"2007-05-13"
21,2007,456,NA,NA,NA,NA,16,NA,NA,NA,NA,"2007-05-20"
22,2007,475,NA,NA,NA,NA,7,NA,NA,NA,NA,"2007-05-27"
23,2007,495,NA,NA,NA,NA,8,NA,NA,NA,NA,"2007-06-03"
24,2007,509,NA,NA,NA,NA,6,NA,NA,NA,NA,"2007-06-10"
25,2007,527,NA,NA,NA,NA,9,NA,NA,NA,NA,"2007-06-17"
26,2007,548,NA,NA,NA,NA,14,NA,NA,NA,NA,"2007-06-24"
27,2007,582,NA,NA,NA,NA,14,NA,NA,NA,NA,"2007-07-01"
28,2007,597,NA,NA,NA,NA,10,NA,NA,NA,NA,"2007-07-08"
29,2007,613,NA,NA,NA,NA,10,NA,NA,NA,NA,"2007-07-15"
30,2007,635,NA,NA,NA,NA,5,NA,NA,NA,NA,"2007-07-22"
31,2007,642,NA,NA,NA,NA,5,NA,NA,NA,NA,"2007-07-29"
32,2007,673,NA,NA,NA,NA,15,NA,NA,NA,NA,"2007-08-05"
33,2007,688,NA,NA,NA,NA,10,NA,NA,NA,NA,"2007-08-12"
34,2007,700,NA,NA,NA,NA,9,NA,NA,NA,NA,"2007-08-19"
35,2007,711,NA,NA,NA,NA,6,NA,NA,NA,NA,"2007-08-26"
36,2007,720,NA,NA,NA,NA,3,NA,NA,NA,NA,"2007-09-02"
37,2007,734,NA,NA,NA,NA,7,NA,NA,NA,NA,"2007-09-09"
38,2007,752,NA,NA,NA,NA,12,NA,NA,NA,NA,"2007-09-16"
39,2007,768,NA,NA,NA,NA,10,NA,NA,NA,NA,"2007-09-23"
40,2007,781,NA,NA,NA,NA,7,NA,NA,NA,NA,"2007-09-30"
41,2007,806,NA,NA,NA,NA,7,NA,NA,NA,NA,"2007-10-07"
42,2007,837,NA,NA,NA,NA,8,NA,NA,NA,NA,"2007-10-14"
43,2007,850,NA,NA,NA,NA,6,NA,NA,NA,NA,"2007-10-21"
44,2007,867,NA,NA,NA,NA,13,NA,NA,NA,NA,"2007-10-28"
45,2007,880,NA,NA,NA,NA,8,NA,NA,NA,NA,"2007-11-04"
46,2007,897,NA,NA,NA,NA,7,NA,NA,NA,NA,"2007-11-11"
47,2007,904,NA,NA,NA,NA,4,NA,NA,NA,NA,"2007-11-18"
48,2007,921,NA,NA,NA,NA,11,NA,NA,NA,NA,"2007-11-25"
49,2007,936,NA,NA,NA,NA,7,NA,NA,NA,NA,"2007-12-02"
50,2007,955,NA,NA,NA,NA,7,NA,NA,NA,NA,"2007-12-09"
51,2007,967,NA,NA,NA,NA,9,NA,NA,NA,NA,"2007-12-16"
52,2007,974,NA,NA,NA,NA,12,NA,NA,NA,NA,"2007-12-23"
1,2008,0,NA,NA,NA,NA,0,NA,NA,NA,NA,"2007-12-30"
2,2008,0,NA,NA,NA,NA,0,NA,NA,NA,NA,"2008-01-06"
3,2008,0,NA,NA,NA,NA,0,NA,NA,NA,NA,"2008-01-13"
4,2008,0,NA,NA,NA,NA,0,NA,NA,NA,NA,"2008-01-20"
5,2008,0,NA,NA,NA,NA,0,NA,NA,NA,NA,"2008-01-27"
6,2008,15,NA,NA,NA,NA,7,NA,NA,NA,NA,"2008-02-03"
7,2008,65,NA,NA,NA,NA,10,NA,NA,NA,NA,"2008-02-10"
8,2008,94,NA,NA,NA,NA,17,NA,NA,NA,NA,"2008-02-17"
9,2008,125,NA,NA,NA,NA,13,NA,NA,NA,NA,"2008-02-24"
10,2008,176,NA,NA,NA,NA,28,NA,NA,NA,NA,"2008-03-02"
11,2008,238,NA,NA,NA,NA,29,NA,NA,NA,NA,"2008-03-09"
12,2008,263,NA,NA,NA,NA,13,NA,NA,NA,NA,"2008-03-16"
13,2008,291,NA,NA,NA,NA,18,NA,NA,NA,NA,"2008-03-23"
14,2008,324,NA,NA,NA,NA,13,NA,NA,NA,NA,"2008-03-30"
15,2008,356,NA,NA,NA,NA,12,NA,NA,NA,NA,"2008-04-06"
16,2008,386,NA,NA,NA,NA,10,NA,NA,NA,NA,"2008-04-13"
17,2008,422,NA,NA,NA,NA,14,NA,NA,NA,NA,"2008-04-20"
18,2008,437,NA,NA,NA,NA,4,NA,NA,NA,NA,"2008-04-27"
19,2008,457,NA,NA,NA,NA,11,NA,NA,NA,NA,"2008-05-04"
20,2008,479,NA,NA,NA,NA,14,NA,NA,NA,NA,"2008-05-11"
21,2008,502,NA,NA,NA,NA,11,NA,NA,NA,NA,"2008-05-18"
22,2008,527,NA,NA,NA,NA,12,NA,NA,NA,NA,"2008-05-25"
23,2008,554,NA,NA,NA,NA,12,NA,NA,NA,NA,"2008-06-01"
24,2008,576,NA,NA,NA,NA,9,NA,NA,NA,NA,"2008-06-08"
25,2008,600,NA,NA,NA,NA,13,NA,NA,NA,NA,"2008-06-15"
26,2008,620,NA,NA,NA,NA,12,NA,NA,NA,NA,"2008-06-22"
27,2008,631,NA,NA,NA,NA,6,NA,NA,NA,NA,"2008-06-29"
28,2008,646,NA,NA,NA,NA,13,NA,NA,NA,NA,"2008-07-06"
29,2008,666,NA,NA,NA,NA,6,NA,NA,NA,NA,"2008-07-13"
30,2008,693,NA,NA,NA,NA,10,NA,NA,NA,NA,"2008-07-20"
31,2008,717,NA,NA,NA,NA,9,NA,NA,NA,NA,"2008-07-27"
32,2008,728,NA,NA,NA,NA,7,NA,NA,NA,NA,"2008-08-03"
33,2008,738,NA,NA,NA,NA,3,NA,NA,NA,NA,"2008-08-10"
34,2008,755,NA,NA,NA,NA,9,NA,NA,NA,NA,"2008-08-17"
35,2008,773,NA,NA,NA,NA,6,NA,NA,NA,NA,"2008-08-24"
36,2008,786,NA,NA,NA,NA,5,NA,NA,NA,NA,"2008-08-31"
37,2008,796,NA,NA,NA,NA,7,NA,NA,NA,NA,"2008-09-07"
38,2008,802,NA,NA,NA,NA,7,NA,NA,NA,NA,"2008-09-14"
39,2008,818,NA,NA,NA,NA,12,NA,NA,NA,NA,"2008-09-21"
40,2008,831,NA,NA,NA,NA,7,NA,NA,NA,NA,"2008-09-28"
41,2008,848,NA,NA,NA,NA,6,NA,NA,NA,NA,"2008-10-05"
42,2008,853,NA,NA,NA,NA,1,NA,NA,NA,NA,"2008-10-12"
43,2008,883,NA,NA,NA,NA,7,NA,NA,NA,NA,"2008-10-19"
44,2008,892,NA,NA,NA,NA,6,NA,NA,NA,NA,"2008-10-26"
45,2008,917,NA,NA,NA,NA,11,NA,NA,NA,NA,"2008-11-02"
46,2008,931,NA,NA,NA,NA,7,NA,NA,NA,NA,"2008-11-09"
47,2008,954,NA,NA,NA,NA,9,NA,NA,NA,NA,"2008-11-16"
48,2008,962,NA,NA,NA,NA,4,NA,NA,NA,NA,"2008-11-23"
49,2008,981,NA,NA,NA,NA,9,NA,NA,NA,NA,"2008-11-30"
50,2008,1006,NA,NA,NA,NA,9,NA,NA,NA,NA,"2008-12-07"
51,2008,1023,NA,NA,NA,NA,5,NA,NA,NA,NA,"2008-12-14"
52,2008,1029,NA,NA,NA,NA,3,NA,NA,NA,NA,"2008-12-21"
53,2008,1057,NA,NA,NA,NA,7,NA,NA,NA,NA,"2008-12-28"
1,2009,7,NA,NA,NA,NA,7,NA,NA,NA,NA,"2009-01-04"
2,2009,19,NA,NA,NA,NA,6,NA,NA,NA,NA,"2009-01-11"
3,2009,25,NA,NA,NA,NA,6,NA,NA,NA,NA,"2009-01-18"
4,2009,35,NA,NA,NA,NA,9,NA,NA,NA,NA,"2009-01-25"
5,2009,49,NA,NA,NA,NA,8,NA,NA,NA,NA,"2009-02-01"
6,2009,59,NA,NA,NA,NA,6,NA,NA,NA,NA,"2009-02-08"
7,2009,78,NA,NA,NA,NA,12,NA,NA,NA,NA,"2009-02-15"
8,2009,99,NA,NA,NA,NA,13,NA,NA,NA,NA,"2009-02-22"
9,2009,127,NA,NA,NA,NA,12,NA,NA,NA,NA,"2009-03-01"
10,2009,162,NA,NA,NA,NA,16,NA,NA,NA,NA,"2009-03-08"
11,2009,190,NA,NA,NA,NA,15,NA,NA,NA,NA,"2009-03-15"
12,2009,216,NA,NA,NA,NA,13,NA,NA,NA,NA,"2009-03-22"
13,2009,248,NA,NA,NA,NA,11,NA,NA,NA,NA,"2009-03-29"
14,2009,275,NA,NA,NA,NA,12,NA,NA,NA,NA,"2009-04-05"
15,2009,298,NA,NA,NA,NA,7,NA,NA,NA,NA,"2009-04-12"
16,2009,315,NA,NA,NA,NA,9,NA,NA,NA,NA,"2009-04-19"
17,2009,336,NA,NA,NA,NA,10,NA,NA,NA,NA,"2009-04-26"
18,2009,350,NA,NA,NA,NA,7,NA,NA,NA,NA,"2009-05-03"
19,2009,375,NA,NA,NA,NA,15,NA,NA,NA,NA,"2009-05-10"
20,2009,396,NA,NA,NA,NA,12,NA,NA,NA,NA,"2009-05-17"
21,2009,413,NA,NA,NA,NA,10,NA,NA,NA,NA,"2009-05-24"
22,2009,427,NA,NA,NA,NA,5,NA,NA,NA,NA,"2009-05-31"
23,2009,438,NA,NA,NA,NA,4,NA,NA,NA,NA,"2009-06-07"
24,2009,453,NA,NA,NA,NA,4,NA,NA,NA,NA,"2009-06-14"
25,2009,465,NA,NA,NA,NA,9,NA,NA,NA,NA,"2009-06-21"
26,2009,478,NA,NA,NA,NA,7,NA,NA,NA,NA,"2009-06-28"
27,2009,493,NA,NA,NA,NA,12,NA,NA,NA,NA,"2009-07-05"
28,2009,516,NA,NA,NA,NA,13,NA,NA,NA,NA,"2009-07-12"
29,2009,544,NA,NA,NA,NA,13,NA,NA,NA,NA,"2009-07-19"
30,2009,571,NA,NA,NA,NA,8,NA,NA,NA,NA,"2009-07-26"
31,2009,584,NA,NA,NA,NA,6,NA,NA,NA,NA,"2009-08-02"
32,2009,590,NA,NA,NA,NA,13,NA,NA,NA,NA,"2009-08-09"
33,2009,602,NA,NA,NA,NA,7,NA,NA,NA,NA,"2009-08-16"
34,2009,605,NA,NA,NA,NA,1,NA,NA,NA,NA,"2009-08-23"
35,2009,614,NA,NA,NA,NA,6,NA,NA,NA,NA,"2009-08-30"
36,2009,624,NA,NA,NA,NA,5,NA,NA,NA,NA,"2009-09-06"
37,2009,632,NA,NA,NA,NA,6,NA,NA,NA,NA,"2009-09-13"
38,2009,642,NA,NA,NA,NA,4,NA,NA,NA,NA,"2009-09-20"
39,2009,663,NA,NA,NA,NA,10,NA,NA,NA,NA,"2009-09-27"
40,2009,672,NA,NA,NA,NA,7,NA,NA,NA,NA,"2009-10-04"
41,2009,683,NA,NA,NA,NA,5,NA,NA,NA,NA,"2009-10-11"
42,2009,695,NA,NA,NA,NA,7,NA,NA,NA,NA,"2009-10-18"
43,2009,706,NA,NA,NA,NA,4,NA,NA,NA,NA,"2009-10-25"
44,2009,729,NA,NA,NA,NA,13,NA,NA,NA,NA,"2009-11-01"
45,2009,753,NA,NA,NA,NA,17,NA,NA,NA,NA,"2009-11-08"
46,2009,766,NA,NA,NA,NA,10,NA,NA,NA,NA,"2009-11-15"
47,2009,783,NA,NA,NA,NA,7,NA,NA,NA,NA,"2009-11-22"
48,2009,802,NA,NA,NA,NA,11,NA,NA,NA,NA,"2009-11-29"
49,2009,824,NA,NA,NA,NA,9,NA,NA,NA,NA,"2009-12-06"
50,2009,847,NA,NA,NA,NA,18,NA,NA,NA,NA,"2009-12-13"
51,2009,872,NA,NA,NA,NA,19,NA,NA,NA,NA,"2009-12-20"
52,2009,887,NA,NA,NA,NA,8,NA,NA,NA,NA,"2009-12-27"
1,2010,8,NA,NA,NA,NA,8,NA,NA,NA,NA,"2010-01-03"
2,2010,15,NA,NA,NA,NA,5,NA,NA,NA,NA,"2010-01-10"
3,2010,22,NA,NA,NA,NA,1,NA,NA,NA,NA,"2010-01-17"
4,2010,38,NA,NA,NA,NA,10,NA,NA,NA,NA,"2010-01-24"
5,2010,58,NA,NA,NA,NA,9,NA,NA,NA,NA,"2010-01-31"
6,2010,73,NA,NA,NA,NA,7,NA,NA,NA,NA,"2010-02-07"
7,2010,87,NA,NA,NA,NA,5,NA,NA,NA,NA,"2010-02-14"
8,2010,102,NA,NA,NA,NA,9,NA,NA,NA,NA,"2010-02-21"
9,2010,119,NA,NA,NA,NA,10,NA,NA,NA,NA,"2010-02-28"
10,2010,133,NA,NA,NA,NA,7,NA,NA,NA,NA,"2010-03-07"
11,2010,159,NA,NA,NA,NA,16,NA,NA,NA,NA,"2010-03-14"
12,2010,187,NA,NA,NA,NA,18,NA,NA,NA,NA,"2010-03-21"
13,2010,204,NA,NA,NA,NA,14,NA,NA,NA,NA,"2010-03-28"
14,2010,224,NA,NA,NA,NA,6,NA,NA,NA,NA,"2010-04-04"
15,2010,238,NA,NA,NA,NA,9,NA,NA,NA,NA,"2010-04-11"
16,2010,246,NA,NA,NA,NA,3,NA,NA,NA,NA,"2010-04-18"
17,2010,264,NA,NA,NA,NA,10,NA,NA,NA,NA,"2010-04-25"
18,2010,285,NA,NA,NA,NA,12,NA,NA,NA,NA,"2010-05-02"
19,2010,303,NA,NA,NA,NA,14,NA,NA,NA,NA,"2010-05-09"
20,2010,310,NA,NA,NA,NA,5,NA,NA,NA,NA,"2010-05-16"
21,2010,322,NA,NA,NA,NA,8,NA,NA,NA,NA,"2010-05-23"
22,2010,333,NA,NA,NA,NA,5,NA,NA,NA,NA,"2010-05-30"
23,2010,353,NA,NA,NA,NA,5,NA,NA,NA,NA,"2010-06-06"
24,2010,374,NA,NA,NA,NA,9,NA,NA,NA,NA,"2010-06-13"
25,2010,387,NA,NA,NA,NA,3,NA,NA,NA,NA,"2010-06-20"
26,2010,406,NA,NA,NA,NA,9,NA,NA,NA,NA,"2010-06-27"
27,2010,416,NA,NA,NA,NA,3,NA,NA,NA,NA,"2010-07-04"
28,2010,434,NA,NA,NA,NA,6,NA,NA,NA,NA,"2010-07-11"
29,2010,448,NA,NA,NA,NA,5,NA,NA,NA,NA,"2010-07-18"
30,2010,460,NA,NA,NA,NA,7,NA,NA,NA,NA,"2010-07-25"
31,2010,472,NA,NA,NA,NA,2,NA,NA,NA,NA,"2010-08-01"
32,2010,481,NA,NA,NA,NA,4,NA,NA,NA,NA,"2010-08-08"
33,2010,500,NA,NA,NA,NA,12,NA,NA,NA,NA,"2010-08-15"
34,2010,514,NA,NA,NA,NA,6,NA,NA,NA,NA,"2010-08-22"
35,2010,524,NA,NA,NA,NA,5,NA,NA,NA,NA,"2010-08-29"
36,2010,529,NA,NA,NA,NA,4,NA,NA,NA,NA,"2010-09-05"
37,2010,537,NA,NA,NA,NA,5,NA,NA,NA,NA,"2010-09-12"
38,2010,545,NA,NA,NA,NA,7,NA,NA,NA,NA,"2010-09-19"
39,2010,557,NA,NA,NA,NA,7,NA,NA,NA,NA,"2010-09-26"
40,2010,572,NA,NA,NA,NA,9,NA,NA,NA,NA,"2010-10-03"
41,2010,581,NA,NA,NA,NA,7,NA,NA,NA,NA,"2010-10-10"
42,2010,593,NA,NA,NA,NA,8,NA,NA,NA,NA,"2010-10-17"
43,2010,603,NA,NA,NA,NA,8,NA,NA,NA,NA,"2010-10-24"
44,2010,622,NA,NA,NA,NA,6,NA,NA,NA,NA,"2010-10-31"
45,2010,647,NA,NA,NA,NA,4,NA,NA,NA,NA,"2010-11-07"
46,2010,666,NA,NA,NA,NA,12,NA,NA,NA,NA,"2010-11-14"
47,2010,682,NA,NA,NA,NA,11,NA,NA,NA,NA,"2010-11-21"
48,2010,695,NA,NA,NA,NA,6,NA,NA,NA,NA,"2010-11-28"
49,2010,710,NA,NA,NA,NA,7,NA,NA,NA,NA,"2010-12-05"
50,2010,724,NA,NA,NA,NA,6,NA,NA,NA,NA,"2010-12-12"
51,2010,739,NA,NA,NA,NA,8,NA,NA,NA,NA,"2010-12-19"
52,2010,749,NA,NA,NA,NA,4,NA,NA,NA,NA,"2010-12-26"
1,2011,10,NA,NA,NA,NA,10,NA,NA,NA,NA,"2011-01-02"
2,2011,16,NA,NA,NA,NA,3,NA,NA,NA,NA,"2011-01-09"
3,2011,24,NA,NA,NA,NA,6,NA,NA,NA,NA,"2011-01-16"
4,2011,36,NA,NA,NA,NA,5,NA,NA,NA,NA,"2011-01-23"
5,2011,61,NA,NA,NA,NA,20,NA,NA,NA,NA,"2011-01-30"
6,2011,76,NA,NA,NA,NA,12,NA,NA,NA,NA,"2011-02-06"
7,2011,100,NA,NA,NA,NA,13,NA,NA,NA,NA,"2011-02-13"
8,2011,110,NA,NA,NA,NA,5,NA,NA,NA,NA,"2011-02-20"
9,2011,97,NA,NA,NA,NA,9,NA,NA,NA,NA,"2011-02-27"
10,2011,109,NA,NA,NA,NA,7,NA,NA,NA,NA,"2011-03-06"
11,2011,167,NA,NA,NA,NA,6,NA,NA,NA,NA,"2011-03-13"
12,2011,183,NA,NA,NA,NA,8,NA,NA,NA,NA,"2011-03-20"
13,2011,198,NA,NA,NA,NA,7,NA,NA,NA,NA,"2011-03-27"
14,2011,221,NA,NA,NA,NA,10,NA,NA,NA,NA,"2011-04-03"
15,2011,236,NA,NA,NA,NA,8,NA,NA,NA,NA,"2011-04-10"
16,2011,254,NA,NA,NA,NA,8,NA,NA,NA,NA,"2011-04-17"
17,2011,274,NA,NA,NA,NA,17,NA,NA,NA,NA,"2011-04-24"
18,2011,292,NA,NA,NA,NA,8,NA,NA,NA,NA,"2011-05-01"
19,2011,309,NA,NA,NA,NA,5,NA,NA,NA,NA,"2011-05-08"
20,2011,326,NA,NA,NA,NA,8,NA,NA,NA,NA,"2011-05-15"
21,2011,344,NA,NA,NA,NA,9,NA,NA,NA,NA,"2011-05-22"
22,2011,354,NA,NA,NA,NA,3,NA,NA,NA,NA,"2011-05-29"
23,2011,365,NA,NA,NA,NA,12,NA,NA,NA,NA,"2011-06-05"
24,2011,380,NA,NA,NA,NA,10,NA,NA,NA,NA,"2011-06-12"
25,2011,393,NA,NA,NA,NA,5,NA,NA,NA,NA,"2011-06-19"
26,2011,396,NA,NA,NA,NA,2,NA,NA,NA,NA,"2011-06-26"
27,2011,406,NA,NA,NA,NA,6,NA,NA,NA,NA,"2011-07-03"
28,2011,425,NA,NA,NA,NA,8,NA,NA,NA,NA,"2011-07-10"
29,2011,434,NA,NA,NA,NA,7,NA,NA,NA,NA,"2011-07-17"
30,2011,440,NA,NA,NA,NA,2,NA,NA,NA,NA,"2011-07-24"
31,2011,453,NA,NA,NA,NA,8,NA,NA,NA,NA,"2011-07-31"
32,2011,464,NA,NA,NA,NA,4,NA,NA,NA,NA,"2011-08-07"
33,2011,469,NA,NA,NA,NA,0,NA,NA,NA,NA,"2011-08-14"
34,2011,478,NA,NA,NA,NA,2,NA,NA,NA,NA,"2011-08-21"
35,2011,487,NA,NA,NA,NA,1,NA,NA,NA,NA,"2011-08-28"
36,2011,492,NA,NA,NA,NA,0,NA,NA,NA,NA,"2011-09-04"
37,2011,412,NA,NA,NA,NA,5,NA,NA,NA,NA,"2011-09-11"
38,2011,514,NA,NA,NA,NA,5,NA,NA,NA,NA,"2011-09-18"
39,2011,523,NA,NA,NA,NA,2,NA,NA,NA,NA,"2011-09-25"
40,2011,537,NA,NA,NA,NA,6,NA,NA,NA,NA,"2011-10-02"
41,2011,541,NA,NA,NA,NA,3,NA,NA,NA,NA,"2011-10-09"
42,2011,549,NA,NA,NA,NA,5,NA,NA,NA,NA,"2011-10-16"
43,2011,566,NA,NA,NA,NA,3,NA,NA,NA,NA,"2011-10-23"
44,2011,577,NA,NA,NA,NA,3,NA,NA,NA,NA,"2011-10-30"
45,2011,587,NA,NA,NA,NA,5,NA,NA,NA,NA,"2011-11-06"
46,2011,592,NA,NA,NA,NA,4,NA,NA,NA,NA,"2011-11-13"
47,2011,607,NA,NA,NA,NA,2,NA,NA,NA,NA,"2011-11-20"
48,2011,621,NA,NA,NA,NA,4,NA,NA,NA,NA,"2011-11-27"
49,2011,638,NA,NA,NA,NA,6,NA,NA,NA,NA,"2011-12-04"
50,2011,643,NA,NA,NA,NA,2,NA,NA,NA,NA,"2011-12-11"
51,2011,657,NA,NA,NA,NA,8,NA,NA,NA,NA,"2011-12-18"
52,2011,674,NA,NA,NA,NA,7,NA,NA,NA,NA,"2011-12-25"
1,2012,3,NA,NA,NA,NA,3,NA,NA,NA,NA,"2012-01-01"
2,2012,9,NA,NA,NA,NA,3,NA,NA,NA,NA,"2012-01-08"
3,2012,17,NA,NA,NA,NA,6,NA,NA,NA,NA,"2012-01-15"
4,2012,34,NA,NA,NA,NA,6,NA,NA,NA,NA,"2012-01-22"
5,2012,45,NA,NA,NA,NA,5,NA,NA,NA,NA,"2012-01-29"
6,2012,58,NA,NA,NA,NA,9,NA,NA,NA,NA,"2012-02-05"
7,2012,65,NA,NA,NA,NA,3,NA,NA,NA,NA,"2012-02-12"
8,2012,72,NA,NA,NA,NA,5,NA,NA,NA,NA,"2012-02-19"
9,2012,90,NA,NA,NA,NA,5,NA,NA,NA,NA,"2012-02-26"
10,2012,97,NA,NA,NA,NA,5,NA,NA,NA,NA,"2012-03-04"
11,2012,117,NA,NA,NA,NA,10,NA,NA,NA,NA,"2012-03-11"
12,2012,131,NA,NA,NA,NA,5,NA,NA,NA,NA,"2012-03-18"
13,2012,145,NA,NA,NA,NA,7,NA,NA,NA,NA,"2012-03-25"
14,2012,155,NA,NA,NA,NA,3,NA,NA,NA,NA,"2012-04-01"
15,2012,169,NA,NA,NA,NA,4,NA,NA,NA,NA,"2012-04-08"
16,2012,181,NA,NA,NA,NA,5,NA,NA,NA,NA,"2012-04-15"
17,2012,192,NA,NA,NA,NA,6,NA,NA,NA,NA,"2012-04-22"
18,2012,212,NA,NA,NA,NA,5,NA,NA,NA,NA,"2012-04-29"
19,2012,227,NA,NA,NA,NA,7,NA,NA,NA,NA,"2012-05-06"
20,2012,236,NA,NA,NA,NA,5,NA,NA,NA,NA,"2012-05-13"
21,2012,246,NA,NA,NA,NA,6,NA,NA,NA,NA,"2012-05-20"
22,2012,255,NA,NA,NA,NA,5,NA,NA,NA,NA,"2012-05-27"
23,2012,269,NA,NA,NA,NA,6,NA,NA,NA,NA,"2012-06-03"
24,2012,274,NA,NA,NA,NA,3,NA,NA,NA,NA,"2012-06-10"
25,2012,287,NA,NA,NA,NA,8,NA,NA,NA,NA,"2012-06-17"
26,2012,295,NA,NA,NA,NA,2,NA,NA,NA,NA,"2012-06-24"
27,2012,302,NA,NA,NA,NA,3,NA,NA,NA,NA,"2012-07-01"
28,2012,308,NA,NA,NA,NA,6,NA,NA,NA,NA,"2012-07-08"
29,2012,323,NA,NA,NA,NA,6,NA,NA,NA,NA,"2012-07-15"
30,2012,332,NA,NA,NA,NA,2,NA,NA,NA,NA,"2012-07-22"
31,2012,340,NA,NA,NA,NA,1,NA,NA,NA,NA,"2012-07-29"
32,2012,344,NA,NA,NA,NA,1,NA,NA,NA,NA,"2012-08-05"
33,2012,349,NA,NA,NA,NA,3,NA,NA,NA,NA,"2012-08-12"
34,2012,361,NA,NA,NA,NA,5,NA,NA,NA,NA,"2012-08-19"
35,2012,368,NA,NA,NA,NA,3,NA,NA,NA,NA,"2012-08-26"
36,2012,372,NA,NA,NA,NA,1,NA,NA,NA,NA,"2012-09-02"
37,2012,383,NA,NA,NA,NA,4,NA,NA,NA,NA,"2012-09-09"
38,2012,388,NA,NA,NA,NA,3,NA,NA,NA,NA,"2012-09-16"
39,2012,393,NA,NA,NA,NA,2,NA,NA,NA,NA,"2012-09-23"
40,2012,401,NA,NA,NA,NA,3,NA,NA,NA,NA,"2012-09-30"
41,2012,407,NA,NA,NA,NA,1,NA,NA,NA,NA,"2012-10-07"
42,2012,416,NA,NA,NA,NA,5,NA,NA,NA,NA,"2012-10-14"
43,2012,421,NA,NA,NA,NA,2,NA,NA,NA,NA,"2012-10-21"
44,2012,431,NA,NA,NA,NA,2,NA,NA,NA,NA,"2012-10-28"
45,2012,435,NA,NA,NA,NA,1,NA,NA,NA,NA,"2012-11-04"
46,2012,444,NA,NA,NA,NA,5,NA,NA,NA,NA,"2012-11-11"
47,2012,454,NA,NA,NA,NA,6,NA,NA,NA,NA,"2012-11-18"
48,2012,460,NA,NA,NA,NA,2,NA,NA,NA,NA,"2012-11-25"
49,2012,467,NA,NA,NA,NA,3,NA,NA,NA,NA,"2012-12-02"
50,2012,481,NA,NA,NA,NA,4,NA,NA,NA,NA,"2012-12-09"
51,2012,495,NA,NA,NA,NA,8,NA,NA,NA,NA,"2012-12-16"
52,2012,502,NA,NA,NA,NA,7,NA,NA,NA,NA,"2012-12-23"
1,2013,1,NA,NA,NA,NA,1,NA,NA,NA,NA,"2012-12-30"
2,2013,7,NA,NA,NA,NA,3,NA,NA,NA,NA,"2013-01-06"
3,2013,23,NA,NA,NA,NA,6,NA,NA,NA,NA,"2013-01-13"
4,2013,37,NA,NA,NA,NA,7,NA,NA,NA,NA,"2013-01-20"
5,2013,50,NA,NA,NA,NA,9,NA,NA,NA,NA,"2013-01-27"
6,2013,61,NA,NA,NA,NA,4,NA,NA,NA,NA,"2013-02-03"
7,2013,79,NA,NA,NA,NA,7,NA,NA,NA,NA,"2013-02-10"
8,2013,100,NA,NA,NA,NA,7,NA,NA,NA,NA,"2013-02-17"
9,2013,117,NA,NA,NA,NA,7,NA,NA,NA,NA,"2013-02-24"
10,2013,127,NA,NA,NA,NA,3,NA,NA,NA,NA,"2013-03-03"
11,2013,131,NA,NA,NA,NA,5,NA,NA,NA,NA,"2013-03-10"
12,2013,151,NA,NA,NA,NA,9,NA,NA,NA,NA,"2013-03-17"
13,2013,162,NA,NA,NA,NA,8,NA,NA,NA,NA,"2013-03-24"
14,2013,175,NA,NA,NA,NA,8,NA,NA,NA,NA,"2013-03-31"
15,2013,188,NA,NA,NA,NA,6,NA,NA,NA,NA,"2013-04-07"
16,2013,205,NA,NA,NA,NA,12,NA,NA,NA,NA,"2013-04-14"
17,2013,217,NA,NA,NA,NA,7,NA,NA,NA,NA,"2013-04-21"
18,2013,231,NA,NA,NA,NA,4,NA,NA,NA,NA,"2013-04-28"
19,2013,244,NA,NA,NA,NA,5,NA,NA,NA,NA,"2013-05-05"
20,2013,254,NA,NA,NA,NA,4,NA,NA,NA,NA,"2013-05-12"
21,2013,261,NA,NA,NA,NA,4,NA,NA,NA,NA,"2013-05-19"
22,2013,266,NA,NA,NA,NA,2,NA,NA,NA,NA,"2013-05-26"
23,2013,270,NA,NA,NA,NA,0,NA,NA,NA,NA,"2013-06-02"
24,2013,280,NA,NA,NA,NA,2,NA,NA,NA,NA,"2013-06-09"
25,2013,289,NA,NA,NA,NA,5,NA,NA,NA,NA,"2013-06-16"
26,2013,293,NA,NA,NA,NA,2,NA,NA,NA,NA,"2013-06-23"
27,2013,304,NA,NA,NA,NA,1,NA,NA,NA,NA,"2013-06-30"
28,2013,313,NA,NA,NA,NA,4,NA,NA,NA,NA,"2013-07-07"
29,2013,325,NA,NA,NA,NA,7,NA,NA,NA,NA,"2013-07-14"
30,2013,333,NA,NA,NA,NA,1,NA,NA,NA,NA,"2013-07-21"
31,2013,341,NA,NA,NA,NA,2,NA,NA,NA,NA,"2013-07-28"
32,2013,346,NA,NA,NA,NA,2,NA,NA,NA,NA,"2013-08-04"
33,2013,354,NA,NA,NA,NA,5,NA,NA,NA,NA,"2013-08-11"
34,2013,360,NA,NA,NA,NA,3,NA,NA,NA,NA,"2013-08-18"
35,2013,367,NA,NA,NA,NA,3,NA,NA,NA,NA,"2013-08-25"
36,2013,374,NA,NA,NA,NA,5,NA,NA,NA,NA,"2013-09-01"
37,2013,380,NA,NA,NA,NA,4,NA,NA,NA,NA,"2013-09-08"
38,2013,386,NA,NA,NA,NA,2,NA,NA,NA,NA,"2013-09-15"
39,2013,374,NA,NA,NA,NA,2,NA,NA,NA,NA,"2013-09-22"
40,2013,384,NA,NA,NA,NA,4,NA,NA,NA,NA,"2013-09-29"
41,2013,406,NA,NA,NA,NA,3,NA,NA,NA,NA,"2013-10-06"
42,2013,410,NA,NA,NA,NA,2,NA,NA,NA,NA,"2013-10-13"
43,2013,424,NA,NA,NA,NA,4,NA,NA,NA,NA,"2013-10-20"
44,2013,427,NA,NA,NA,NA,2,NA,NA,NA,NA,"2013-10-27"
45,2013,442,NA,NA,NA,NA,9,NA,NA,NA,NA,"2013-11-03"
46,2013,455,NA,NA,NA,NA,10,NA,NA,NA,NA,"2013-11-10"
47,2013,461,NA,NA,NA,NA,5,NA,NA,NA,NA,"2013-11-17"
48,2013,463,NA,NA,NA,NA,1,NA,NA,NA,NA,"2013-11-24"
49,2013,475,NA,NA,NA,NA,3,NA,NA,NA,NA,"2013-12-01"
50,2013,480,NA,NA,NA,NA,2,NA,NA,NA,NA,"2013-12-08"
51,2013,489,NA,NA,NA,NA,3,NA,NA,NA,NA,"2013-12-15"
52,2013,494,NA,NA,NA,NA,4,NA,NA,NA,NA,"2013-12-22"
1,2014,9,NA,NA,NA,NA,9,NA,NA,NA,NA,"2013-12-29"
2,2014,15,NA,NA,NA,NA,4,NA,NA,NA,NA,"2014-01-05"
3,2014,18,NA,NA,NA,NA,2,NA,NA,NA,NA,"2014-01-12"
4,2014,30,NA,NA,NA,NA,6,NA,NA,NA,NA,"2014-01-19"
5,2014,38,NA,NA,NA,NA,6,NA,NA,NA,NA,"2014-01-26"
6,2014,46,NA,NA,NA,NA,6,NA,NA,NA,NA,"2014-02-02"
7,2014,58,NA,NA,NA,NA,3,NA,NA,NA,NA,"2014-02-09"
8,2014,65,NA,NA,NA,NA,5,NA,NA,NA,NA,"2014-02-16"
9,2014,82,NA,NA,NA,NA,10,NA,NA,NA,NA,"2014-02-23"
10,2014,93,NA,NA,NA,NA,6,NA,NA,NA,NA,"2014-03-02"
11,2014,99,NA,NA,NA,NA,2,NA,NA,NA,NA,"2014-03-09"
12,2014,107,NA,NA,NA,NA,1,NA,NA,NA,NA,"2014-03-16"
13,2014,121,NA,NA,NA,NA,6,NA,NA,NA,NA,"2014-03-23"
14,2014,136,NA,NA,NA,NA,6,NA,NA,NA,NA,"2014-03-30"
15,2014,149,NA,NA,NA,NA,4,NA,NA,NA,NA,"2014-04-06"
16,2014,156,NA,NA,NA,NA,0,NA,NA,NA,NA,"2014-04-13"
17,2014,162,NA,NA,NA,NA,4,NA,NA,NA,NA,"2014-04-20"
18,2014,178,NA,NA,NA,NA,8,NA,NA,NA,NA,"2014-04-27"
19,2014,187,NA,NA,NA,NA,6,NA,NA,NA,NA,"2014-05-04"
20,2014,198,NA,NA,NA,NA,6,NA,NA,NA,NA,"2014-05-11"
21,2014,202,NA,NA,NA,NA,1,NA,NA,NA,NA,"2014-05-18"
22,2014,206,NA,NA,NA,NA,2,NA,NA,NA,NA,"2014-05-25"
23,2014,214,NA,NA,NA,NA,5,NA,NA,NA,NA,"2014-06-01"
24,2014,222,NA,NA,NA,NA,4,NA,NA,NA,NA,"2014-06-08"
25,2014,226,NA,NA,NA,NA,2,NA,NA,NA,NA,"2014-06-15"
26,2014,237,NA,NA,NA,NA,5,NA,NA,NA,NA,"2014-06-22"
27,2014,241,NA,NA,NA,NA,2,NA,NA,NA,NA,"2014-06-29"
28,2014,243,NA,NA,NA,NA,1,NA,NA,NA,NA,"2014-07-06"
29,2014,248,NA,NA,NA,NA,0,NA,NA,NA,NA,"2014-07-13"
30,2014,251,NA,NA,NA,NA,1,NA,NA,NA,NA,"2014-07-20"
31,2014,261,NA,NA,NA,NA,4,NA,NA,NA,NA,"2014-07-27"
32,2014,270,NA,NA,NA,NA,3,NA,NA,NA,NA,"2014-08-03"
33,2014,274,NA,NA,NA,NA,3,NA,NA,NA,NA,"2014-08-10"
34,2014,281,NA,NA,NA,NA,2,NA,NA,NA,NA,"2014-08-17"
35,2014,285,NA,NA,NA,NA,4,NA,NA,NA,NA,"2014-08-24"
36,2014,289,NA,NA,NA,NA,2,NA,NA,NA,NA,"2014-08-31"
37,2014,294,NA,NA,NA,NA,2,NA,NA,NA,NA,"2014-09-07"
38,2014,298,NA,NA,NA,NA,2,NA,NA,NA,NA,"2014-09-14"
39,2014,304,NA,NA,NA,NA,4,NA,NA,NA,NA,"2014-09-21"
40,2014,313,NA,NA,NA,NA,4,NA,NA,NA,NA,"2014-09-28"
41,2014,315,NA,NA,NA,NA,2,NA,NA,NA,NA,"2014-10-05"
42,2014,324,NA,NA,NA,NA,4,NA,NA,NA,NA,"2014-10-12"
43,2014,328,NA,NA,NA,NA,3,NA,NA,NA,NA,"2014-10-19"
44,2014,336,NA,NA,NA,NA,3,NA,NA,NA,NA,"2014-10-26"
45,2014,343,NA,NA,NA,NA,2,NA,NA,NA,NA,"2014-11-02"
46,2014,350,NA,NA,NA,NA,5,NA,NA,NA,NA,"2014-11-09"
47,2014,356,NA,NA,NA,NA,4,NA,NA,NA,NA,"2014-11-16"
48,2014,362,NA,NA,NA,NA,3,NA,NA,NA,NA,"2014-11-23"
49,2014,366,NA,NA,NA,NA,2,NA,NA,NA,NA,"2014-11-30"
50,2014,372,NA,NA,NA,NA,4,NA,NA,NA,NA,"2014-12-07"
51,2014,381,NA,NA,NA,NA,5,NA,NA,NA,NA,"2014-12-14"
52,2014,386,NA,NA,NA,NA,3,NA,NA,NA,NA,"2014-12-21"
53,2014,397,NA,NA,NA,NA,1,NA,NA,NA,NA,"2014-12-28"
1,2015,3,NA,NA,NA,NA,3,NA,NA,NA,NA,"2015-01-04"
2,2015,6,NA,NA,NA,NA,2,NA,NA,NA,NA,"2015-01-11"
3,2015,11,NA,NA,NA,NA,2,NA,NA,NA,NA,"2015-01-18"
4,2015,16,NA,NA,NA,NA,4,NA,NA,NA,NA,"2015-01-25"
5,2015,26,NA,NA,NA,NA,4,NA,NA,NA,NA,"2015-02-01"
6,2015,29,NA,NA,NA,NA,1,NA,NA,NA,NA,"2015-02-08"
7,2015,38,NA,NA,NA,NA,2,NA,NA,NA,NA,"2015-02-15"
8,2015,50,NA,NA,NA,NA,4,NA,NA,NA,NA,"2015-02-22"
9,2015,56,NA,NA,NA,NA,2,NA,NA,NA,NA,"2015-03-01"
10,2015,71,NA,NA,NA,NA,9,NA,NA,NA,NA,"2015-03-08"
11,2015,82,NA,NA,NA,NA,5,NA,NA,NA,NA,"2015-03-15"
12,2015,88,NA,NA,NA,NA,3,NA,NA,NA,NA,"2015-03-22"
13,2015,97,NA,NA,NA,NA,7,NA,NA,NA,NA,"2015-03-29"
14,2015,105,NA,NA,NA,NA,4,NA,NA,NA,NA,"2015-04-05"
15,2015,117,NA,NA,NA,NA,7,NA,NA,NA,NA,"2015-04-12"
16,2015,127,NA,NA,NA,NA,5,NA,NA,NA,NA,"2015-04-19"
17,2015,133,NA,NA,NA,NA,2,NA,NA,NA,NA,"2015-04-26"
18,2015,139,NA,NA,NA,NA,4,NA,NA,NA,NA,"2015-05-03"
19,2015,149,NA,NA,NA,NA,3,NA,NA,NA,NA,"2015-05-10"
20,2015,154,NA,NA,NA,NA,1,NA,NA,NA,NA,"2015-05-17"
21,2015,164,NA,NA,NA,NA,5,NA,NA,NA,NA,"2015-05-24"
22,2015,169,NA,NA,NA,NA,0,NA,NA,NA,NA,"2015-05-31"
23,2015,176,NA,NA,NA,NA,4,NA,NA,NA,NA,"2015-06-07"
24,2015,181,NA,NA,NA,NA,2,NA,NA,NA,NA,"2015-06-14"
25,2015,187,NA,NA,NA,NA,2,NA,NA,NA,NA,"2015-06-21"
26,2015,193,NA,NA,NA,NA,2,NA,NA,NA,NA,"2015-06-28"
27,2015,200,NA,NA,NA,NA,2,NA,NA,NA,NA,"2015-07-05"
28,2015,205,NA,NA,NA,NA,2,NA,NA,NA,NA,"2015-07-12"
29,2015,209,NA,NA,NA,NA,2,NA,NA,NA,NA,"2015-07-19"
30,2015,215,NA,NA,NA,NA,3,NA,NA,NA,NA,"2015-07-26"
31,2015,221,NA,NA,NA,NA,2,NA,NA,NA,NA,"2015-08-02"
32,2015,225,NA,NA,NA,NA,2,NA,NA,NA,NA,"2015-08-09"
33,2015,226,NA,NA,NA,NA,2,NA,NA,NA,NA,"2015-08-16"
34,2015,230,NA,NA,NA,NA,2,NA,NA,NA,NA,"2015-08-23"
35,2015,234,NA,NA,NA,NA,0,NA,NA,NA,NA,"2015-08-30"
36,2015,237,NA,NA,NA,NA,1,NA,NA,NA,NA,"2015-09-06"
37,2015,240,NA,NA,NA,NA,1,NA,NA,NA,NA,"2015-09-13"
38,2015,246,NA,NA,NA,NA,5,NA,NA,NA,NA,"2015-09-20"
39,2015,257,NA,NA,NA,NA,3,NA,NA,NA,NA,"2015-09-27"
40,2015,269,NA,NA,NA,NA,3,NA,NA,NA,NA,"2015-10-04"
41,2015,279,NA,NA,NA,NA,3,NA,NA,NA,NA,"2015-10-11"
42,2015,285,NA,NA,NA,NA,2,NA,NA,NA,NA,"2015-10-18"
43,2015,293,NA,NA,NA,NA,3,NA,NA,NA,NA,"2015-10-25"
44,2015,297,NA,NA,NA,NA,2,NA,NA,NA,NA,"2015-11-01"
45,2015,304,NA,NA,NA,NA,3,NA,NA,NA,NA,"2015-11-08"
46,2015,311,NA,NA,NA,NA,3,NA,NA,NA,NA,"2015-11-15"
47,2015,315,NA,NA,NA,NA,2,NA,NA,NA,NA,"2015-11-22"
48,2015,324,NA,NA,NA,NA,5,NA,NA,NA,NA,"2015-11-29"
49,2015,328,NA,NA,NA,NA,1,NA,NA,NA,NA,"2015-12-06"
50,2015,337,NA,NA,NA,NA,2,NA,NA,NA,NA,"2015-12-13"
51,2015,341,NA,NA,NA,NA,1,NA,NA,NA,NA,"2015-12-20"
52,2015,348,NA,NA,NA,NA,3,NA,NA,NA,NA,"2015-12-27"
1,2016,1,NA,NA,NA,NA,1,NA,NA,NA,NA,"2016-01-03"
2,2016,7,NA,NA,NA,NA,5,NA,NA,NA,NA,"2016-01-10"
3,2016,10,NA,NA,NA,NA,1,NA,NA,NA,NA,"2016-01-17"
4,2016,14,NA,NA,NA,NA,0,NA,NA,NA,NA,"2016-01-24"
5,2016,25,NA,NA,NA,NA,6,NA,NA,NA,NA,"2016-01-31"
6,2016,30,NA,NA,NA,NA,2,NA,NA,NA,NA,"2016-02-07"
7,2016,35,NA,NA,NA,NA,1,NA,NA,NA,NA,"2016-02-14"
8,2016,42,NA,NA,NA,NA,3,NA,NA,NA,NA,"2016-02-21"
9,2016,47,NA,NA,NA,NA,3,NA,NA,NA,NA,"2016-02-28"
10,2016,56,NA,NA,NA,NA,1,NA,NA,NA,NA,"2016-03-06"
11,2016,68,NA,NA,NA,NA,7,NA,NA,NA,NA,"2016-03-13"
12,2016,75,NA,NA,NA,NA,3,NA,NA,NA,NA,"2016-03-20"
13,2016,84,NA,NA,NA,NA,7,NA,NA,NA,NA,"2016-03-27"
14,2016,97,NA,NA,NA,NA,4,NA,NA,NA,NA,"2016-04-03"
15,2016,102,NA,NA,NA,NA,1,NA,NA,NA,NA,"2016-04-10"
16,2016,113,NA,NA,NA,NA,5,NA,NA,NA,NA,"2016-04-17"
17,2016,117,NA,NA,NA,NA,2,NA,NA,NA,NA,"2016-04-24"
18,2016,126,NA,NA,NA,NA,5,NA,NA,NA,NA,"2016-05-01"
19,2016,134,NA,NA,NA,NA,3,NA,NA,NA,NA,"2016-05-08"
20,2016,145,NA,NA,NA,NA,4,NA,NA,NA,NA,"2016-05-15"
21,2016,151,NA,NA,NA,NA,2,NA,NA,NA,NA,"2016-05-22"
22,2016,162,NA,NA,NA,NA,3,NA,NA,NA,NA,"2016-05-29"
23,2016,171,NA,NA,NA,NA,4,NA,NA,NA,NA,"2016-06-05"
24,2016,180,NA,NA,NA,NA,4,NA,NA,NA,NA,"2016-06-12"
25,2016,186,NA,NA,NA,NA,0,NA,NA,NA,NA,"2016-06-19"
26,2016,194,NA,NA,NA,NA,5,NA,NA,NA,NA,"2016-06-26"
27,2016,203,NA,NA,NA,NA,3,NA,NA,NA,NA,"2016-07-03"
28,2016,213,NA,NA,NA,NA,1,NA,NA,NA,NA,"2016-07-10"
29,2016,216,NA,NA,NA,NA,1,NA,NA,NA,NA,"2016-07-17"
30,2016,222,NA,NA,NA,NA,4,NA,NA,NA,NA,"2016-07-24"
31,2016,229,NA,NA,NA,NA,3,NA,NA,NA,NA,"2016-07-31"
32,2016,232,NA,NA,NA,NA,4,NA,NA,NA,NA,"2016-08-07"
33,2016,236,NA,NA,NA,NA,2,NA,NA,NA,NA,"2016-08-14"
34,2016,243,NA,NA,NA,NA,2,NA,NA,NA,NA,"2016-08-21"
35,2016,250,NA,NA,NA,NA,4,NA,NA,NA,NA,"2016-08-28"
36,2016,253,NA,NA,NA,NA,0,NA,NA,NA,NA,"2016-09-04"
37,2016,257,NA,NA,NA,NA,2,NA,NA,NA,NA,"2016-09-11"
38,2016,258,NA,NA,NA,NA,1,NA,NA,NA,NA,"2016-09-18"
39,2016,264,NA,NA,NA,NA,2,NA,NA,NA,NA,"2016-09-25"
40,2016,268,NA,NA,NA,NA,1,NA,NA,NA,NA,"2016-10-02"
41,2016,276,NA,NA,NA,NA,3,NA,NA,NA,NA,"2016-10-09"
42,2016,281,NA,NA,NA,NA,2,NA,NA,NA,NA,"2016-10-16"
43,2016,287,NA,NA,NA,NA,2,NA,NA,NA,NA,"2016-10-23"
44,2016,287,NA,NA,NA,NA,1,NA,NA,NA,NA,"2016-10-30"
45,2016,292,NA,NA,NA,NA,3,NA,NA,NA,NA,"2016-11-06"
46,2016,294,NA,NA,NA,NA,0,NA,NA,NA,NA,"2016-11-13"
47,2016,301,NA,NA,NA,NA,2,NA,NA,NA,NA,"2016-11-20"
48,2016,315,NA,NA,NA,NA,3,NA,NA,NA,NA,"2016-11-27"
49,2016,324,NA,NA,NA,NA,5,NA,NA,NA,NA,"2016-12-04"
50,2016,329,NA,NA,NA,NA,1,NA,NA,NA,NA,"2016-12-11"
51,2016,333,NA,NA,NA,NA,3,NA,NA,NA,NA,"2016-12-18"
52,2016,340,NA,NA,NA,NA,3,NA,NA,NA,NA,"2016-12-25"
1,2017,3,NA,NA,NA,NA,3,NA,NA,NA,NA,"2017-01-01"
2,2017,7,NA,NA,NA,NA,4,NA,NA,NA,NA,"2017-01-08"
3,2017,21,NA,NA,NA,NA,10,NA,NA,NA,NA,"2017-01-15"
4,2017,26,NA,NA,NA,NA,4,NA,NA,NA,NA,"2017-01-22"
5,2017,32,NA,NA,NA,NA,2,NA,NA,NA,NA,"2017-01-29"
6,2017,39,NA,NA,NA,NA,3,NA,NA,NA,NA,"2017-02-05"
7,2017,48,NA,NA,NA,NA,1,NA,NA,NA,NA,"2017-02-12"
8,2017,54,NA,NA,NA,NA,5,NA,NA,NA,NA,"2017-02-19"
9,2017,62,NA,NA,NA,NA,4,NA,NA,NA,NA,"2017-02-26"
10,2017,68,NA,NA,NA,NA,2,NA,NA,NA,NA,"2017-03-05"
11,2017,81,NA,NA,NA,NA,8,NA,NA,NA,NA,"2017-03-12"
12,2017,83,NA,NA,NA,NA,1,NA,NA,NA,NA,"2017-03-19"
13,2017,93,NA,NA,NA,NA,6,NA,NA,NA,NA,"2017-03-26"
14,2017,103,NA,NA,NA,NA,4,NA,NA,NA,NA,"2017-04-02"
15,2017,108,NA,NA,NA,NA,1,NA,NA,NA,NA,"2017-04-09"
16,2017,111,NA,NA,NA,NA,2,NA,NA,NA,NA,"2017-04-16"
17,2017,115,NA,NA,NA,NA,3,NA,NA,NA,NA,"2017-04-23"
18,2017,124,NA,NA,NA,NA,2,NA,NA,NA,NA,"2017-04-30"
19,2017,131,NA,NA,NA,NA,5,NA,NA,NA,NA,"2017-05-07"
20,2017,139,NA,NA,NA,NA,3,NA,NA,NA,NA,"2017-05-14"
21,2017,142,NA,NA,NA,NA,1,NA,NA,NA,NA,"2017-05-21"
22,2017,151,NA,NA,NA,NA,4,NA,NA,NA,NA,"2017-05-28"
23,2017,157,NA,NA,NA,NA,0,NA,NA,NA,NA,"2017-06-04"
24,2017,165,NA,NA,NA,NA,3,NA,NA,NA,NA,"2017-06-11"
25,2017,168,NA,NA,NA,NA,2,NA,NA,NA,NA,"2017-06-18"
26,2017,182,NA,NA,NA,NA,2,NA,NA,NA,NA,"2017-06-25"
27,2017,183,NA,NA,NA,NA,0,NA,NA,NA,NA,"2017-07-02"
28,2017,193,NA,NA,NA,NA,4,NA,NA,NA,NA,"2017-07-09"
29,2017,199,NA,NA,NA,NA,2,NA,NA,NA,NA,"2017-07-16"
30,2017,202,NA,NA,NA,NA,2,NA,NA,NA,NA,"2017-07-23"
31,2017,207,NA,NA,NA,NA,2,NA,NA,NA,NA,"2017-07-30"
32,2017,209,NA,NA,NA,NA,1,NA,NA,NA,NA,"2017-08-06"
33,2017,213,NA,NA,NA,NA,1,NA,NA,NA,NA,"2017-08-13"
34,2017,218,NA,NA,NA,NA,1,NA,NA,NA,NA,"2017-08-20"
35,2017,223,NA,NA,NA,NA,3,NA,NA,NA,NA,"2017-08-27"
36,2017,224,NA,NA,NA,NA,1,NA,NA,NA,NA,"2017-09-03"
37,2017,232,NA,NA,NA,NA,2,NA,NA,NA,NA,"2017-09-10"
38,2017,240,NA,NA,NA,NA,3,NA,NA,NA,NA,"2017-09-17"
39,2017,245,NA,NA,NA,NA,1,NA,NA,NA,NA,"2017-09-24"
40,2017,255,NA,NA,NA,NA,6,NA,NA,NA,NA,"2017-10-01"
41,2017,259,NA,NA,NA,NA,2,NA,NA,NA,NA,"2017-10-08"
42,2017,263,NA,NA,NA,NA,3,NA,NA,NA,NA,"2017-10-15"
43,2017,268,NA,NA,NA,NA,4,NA,NA,NA,NA,"2017-10-22"
44,2017,278,NA,NA,NA,NA,3,NA,NA,NA,NA,"2017-10-29"
45,2017,282,NA,NA,NA,NA,3,NA,NA,NA,NA,"2017-11-05"
46,2017,286,NA,NA,NA,NA,0,NA,NA,NA,NA,"2017-11-12"
47,2017,297,NA,NA,NA,NA,6,NA,NA,NA,NA,"2017-11-19"
48,2017,307,NA,NA,NA,NA,2,NA,NA,NA,NA,"2017-11-26"
49,2017,315,NA,NA,NA,NA,3,NA,NA,NA,NA,"2017-12-03"
50,2017,316,NA,NA,NA,NA,1,NA,NA,NA,NA,"2017-12-10"
51,2017,321,NA,NA,NA,NA,3,NA,NA,NA,NA,"2017-12-17"
52,2017,330,NA,NA,NA,NA,2,NA,NA,NA,NA,"2017-12-24"
1,2018,3,1,2,0,4,3,4,1,2,0,"2017-12-31"
2,2018,8,3,5,3,9,5,5,2,3,3,"2018-01-07"
3,2018,15,6,7,3,13,5,4,3,2,0,"2018-01-14"
4,2018,21,11,7,3,18,2,5,5,0,0,"2018-01-21"
5,2018,29,13,8,5,26,5,8,2,1,2,"2018-01-28"
6,2018,40,16,8,7,28,2,2,3,0,2,"2018-02-04"
7,2018,49,18,8,7,35,2,7,2,0,0,"2018-02-11"
8,2018,56,20,10,7,41,3,6,2,2,0,"2018-02-18"
9,2018,62,23,9,7,46,4,5,3,-1,0,"2018-02-25"
10,2018,68,23,10,8,48,0,2,0,1,1,"2018-03-04"
11,2018,75,27,12,8,55,6,7,4,2,0,"2018-03-11"
12,2018,85,27,15,11,59,4,4,0,3,3,"2018-03-18"
13,2018,94,30,18,12,56,3,-3,3,3,1,"2018-03-25"
14,2018,101,33,17,11,60,4,4,3,-1,-1,"2018-04-01"
15,2018,106,38,19,11,58,3,-2,5,2,0,"2018-04-08"
16,2018,111,40,21,12,57,4,-1,2,2,1,"2018-04-15"
17,2018,118,43,24,12,60,4,3,3,3,0,"2018-04-22"
18,2018,121,43,27,12,62,1,2,0,3,0,"2018-04-29"
19,2018,132,47,29,13,67,5,5,4,2,1,"2018-05-06"
20,2018,137,47,30,14,68,2,1,0,1,1,"2018-05-13"
21,2018,140,49,30,14,72,2,4,2,0,0,"2018-05-20"
22,2018,152,49,33,13,68,7,-4,0,3,-1,"2018-05-27"
23,2018,155,52,44,13,60,3,-8,3,11,0,"2018-06-03"
24,2018,157,54,44,13,61,0,1,2,0,0,"2018-06-10"
25,2018,162,56,46,13,62,3,1,2,2,0,"2018-06-17"
26,2018,170,57,47,13,65,4,3,1,1,0,"2018-06-24"
27,2018,173,57,50,13,67,2,2,0,3,0,"2018-07-01"
28,2018,183,58,52,13,68,2,1,1,2,0,"2018-07-08"
29,2018,196,62,54,13,69,2,1,4,2,0,"2018-07-15"
30,2018,198,64,55,13,70,1,1,2,1,0,"2018-07-22"
31,2018,200,64,56,13,70,0,0,0,1,0,"2018-07-29"
32,2018,205,64,56,13,71,1,1,0,0,0,"2018-08-05"
33,2018,208,66,58,13,74,3,3,2,2,0,"2018-08-12"
34,2018,213,67,60,13,76,1,2,1,2,0,"2018-08-19"
35,2018,218,67,61,15,77,2,1,0,1,2,"2018-08-26"
36,2018,222,68,63,15,80,1,3,1,2,0,"2018-09-02"
37,2018,226,68,64,15,80,1,0,0,1,0,"2018-09-09"
38,2018,228,72,64,15,81,1,1,4,0,0,"2018-09-16"
39,2018,230,72,66,17,82,1,1,0,2,2,"2018-09-23"
40,2018,238,76,68,18,83,2,1,4,2,1,"2018-09-30"
41,2018,247,78,69,18,84,1,1,2,1,0,"2018-10-07"
42,2018,249,80,69,18,85,0,1,2,0,0,"2018-10-14"
43,2018,253,82,72,18,86,2,1,2,3,0,"2018-10-21"
44,2018,262,84,73,20,86,3,0,2,1,2,"2018-10-28"
45,2018,268,86,75,21,88,4,2,2,2,1,"2018-11-04"
46,2018,270,89,77,21,89,1,1,3,2,0,"2018-11-11"
47,2018,271,92,78,21,90,0,1,3,1,0,"2018-11-18"
48,2018,280,93,80,22,92,2,2,1,2,1,"2018-11-25"
49,2018,285,95,80,22,92,1,0,2,0,0,"2018-12-02"
50,2018,293,98,80,23,95,3,3,3,0,1,"2018-12-09"
51,2018,296,100,81,23,100,0,5,2,1,0,"2018-12-16"
52,2018,301,101,81,23,123,0,23,1,0,0,"2018-12-23"
1,2019,4,0,1,0,3,4,3,0,1,0,"2018-12-30"
2,2019,7,1,1,0,5,2,1,1,0,0,"2019-01-06"
3,2019,13,6,1,0,6,3,1,2,0,0,"2019-01-13"
4,2019,18,8,1,0,9,3,3,0,0,0,"2019-01-20"
5,2019,23,10,1,0,12,2,1,1,0,0,"2019-01-27"
6,2019,23,10,1,1,11,0,0,0,0,0,"2019-02-03"
7,2019,31,13,2,0,16,4,3,1,0,0,"2019-02-10"
8,2019,46,20,3,1,22,3,2,0,1,0,"2019-02-17"
9,2019,53,21,4,1,27,1,1,0,0,0,"2019-02-24"
10,2019,64,26,4,1,33,2,2,0,0,0,"2019-03-03"
11,2019,76,28,4,1,43,8,6,2,0,0,"2019-03-10"
12,2019,88,31,6,1,50,6,6,0,0,0,"2019-03-17"
13,2019,94,36,8,1,49,2,2,0,0,0,"2019-03-24"
14,2019,106,39,9,3,55,1,1,0,0,0,"2019-03-31"
15,2019,115,40,10,3,62,4,3,0,1,0,"2019-04-07"
16,2019,122,40,11,4,67,2,2,0,0,0,"2019-04-14"
17,2019,127,42,11,5,69,3,2,1,0,0,"2019-04-21"
18,2019,138,43,11,6,78,2,1,0,0,1,"2019-04-28"
19,2019,140,45,11,6,78,1,1,0,0,0,"2019-05-05"
20,2019,145,47,11,6,81,4,4,0,0,0,"2019-05-12"
21,2019,151,50,12,7,82,1,1,0,0,0,"2019-05-19"
22,2019,160,54,12,7,87,3,3,0,0,0,"2019-05-26"
23,2019,168,57,12,8,91,4,4,0,0,0,"2019-06-02"
24,2019,173,60,13,8,92,2,1,1,0,0,"2019-06-09"
25,2019,183,61,15,9,98,3,3,0,0,0,"2019-06-16"
26,2019,191,62,15,11,103,1,0,1,0,0,"2019-06-23"
27,2019,194,64,15,11,104,2,2,0,0,0,"2019-06-30"
28,2019,201,69,16,11,105,2,2,0,0,0,"2019-07-07"
29,2019,209,79,17,12,101,2,1,1,0,0,"2019-07-14"
30,2019,215,80,18,12,105,3,3,0,0,0,"2019-07-21"
31,2019,220,81,19,14,106,2,1,0,0,1,"2019-07-28"
32,2019,223,84,19,14,106,1,1,0,0,0,"2019-08-04"
33,2019,226,85,20,14,107,2,2,0,0,0,"2019-08-11"
34,2019,233,87,20,14,112,3,3,0,0,0,"2019-08-18"
35,2019,237,88,21,15,113,3,2,0,0,1,"2019-08-25"
36,2019,242,90,21,16,115,1,0,0,0,1,"2019-09-01"
37,2019,246,91,21,16,118,3,3,0,0,0,"2019-09-08"
38,2019,253,93,22,17,121,2,2,0,0,0,"2019-09-15"
39,2019,258,93,24,18,123,1,0,0,1,0,"2019-09-22"
40,2019,267,95,26,18,128,3,3,0,0,0,"2019-09-29"
41,2019,273,96,28,18,131,0,0,0,0,0,"2019-10-06"
42,2019,278,96,29,18,135,3,3,0,0,0,"2019-10-13"
43,2019,279,96,29,18,136,1,1,0,0,0,"2019-10-20"
44,2019,292,100,29,20,143,3,3,0,0,0,"2019-10-27"
45,2019,298,100,29,20,149,4,4,0,0,0,"2019-11-03"
46,2019,307,104,36,21,146,2,2,0,0,0,"2019-11-10"
47,2019,314,108,36,22,148,3,3,0,0,0,"2019-11-17"
48,2019,319,109,36,23,151,3,2,1,0,0,"2019-11-24"
49,2019,326,109,37,24,156,4,4,0,0,0,"2019-12-01"
50,2019,330,105,39,24,162,1,1,0,0,0,"2019-12-08"
51,2019,337,106,41,24,166,4,4,0,0,0,"2019-12-15"
52,2019,343,109,41,24,169,1,1,0,0,0,"2019-12-22"
1,2020,3,0,0,0,3,3,3,0,0,0,"2019-12-29"
2,2020,8,1,0,1,6,3,2,0,0,1,"2020-01-05"
3,2020,14,2,1,2,9,4,2,0,1,1,"2020-01-12"
4,2020,22,3,3,2,14,4,4,0,0,0,"2020-01-19"
5,2020,30,6,3,2,19,2,1,1,0,0,"2020-01-26"
6,2020,35,7,3,2,23,2,1,1,0,0,"2020-02-02"
7,2020,39,10,3,4,22,1,1,0,0,0,"2020-02-09"
8,2020,56,17,4,4,31,9,9,0,0,0,"2020-02-16"
9,2020,64,21,6,5,32,1,1,0,0,0,"2020-02-23"
10,2020,74,21,6,6,41,4,4,0,0,0,"2020-03-01"
11,2020,80,22,6,6,46,4,4,0,0,0,"2020-03-08"
12,2020,82,22,6,6,48,1,1,0,0,0,"2020-03-15"
13,2020,91,26,8,7,50,2,2,0,0,0,"2020-03-22"
14,2020,97,27,9,7,54,2,2,0,0,0,"2020-03-29"
15,2020,101,27,9,7,58,3,3,0,0,0,"2020-04-05"
16,2020,107,29,9,7,62,0,0,0,0,0,"2020-04-12"
17,2020,108,27,8,7,66,1,1,0,0,0,"2020-04-19"
18,2020,110,27,10,8,65,0,0,0,0,0,"2020-04-26"
19,2020,110,27,9,8,66,2,2,0,0,0,"2020-05-03"
20,2020,121,27,9,8,77,5,5,0,0,0,"2020-05-10"
21,2020,123,27,9,8,79,2,2,0,0,0,"2020-05-17"
22,2020,126,27,9,8,82,2,2,0,0,0,"2020-05-24"
23,2020,128,27,11,8,82,0,0,0,0,0,"2020-05-31"
24,2020,133,28,12,8,85,0,0,0,0,0,"2020-06-07"
25,2020,136,31,12,8,85,1,1,0,0,0,"2020-06-14"
26,2020,138,31,12,8,87,1,1,0,0,0,"2020-06-21"
27,2020,140,33,12,8,87,0,0,0,0,0,"2020-06-28"
28,2020,145,36,13,9,87,1,1,0,0,0,"2020-07-05"
29,2020,133,37,13,9,74,3,3,0,0,0,"2020-07-12"
30,2020,152,39,13,10,90,2,2,0,0,0,"2020-07-19"
31,2020,154,41,13,10,90,2,2,0,0,0,"2020-07-26"
32,2020,146,40,14,9,83,1,1,0,0,0,"2020-08-02"
33,2020,158,44,14,10,90,0,0,0,0,0,"2020-08-09"
34,2020,158,44,14,10,90,0,0,0,0,0,"2020-08-16"
35,2020,155,46,12,11,86,0,0,0,0,0,"2020-08-23"
36,2020,158,46,12,11,89,0,0,0,0,0,"2020-08-30"
37,2020,162,46,12,11,93,0,0,0,0,0,"2020-09-06"
38,2020,163,47,12,11,93,0,0,0,0,0,"2020-09-13"
39,2020,164,48,13,11,92,0,0,0,0,0,"2020-09-20"
40,2020,170,49,13,11,97,1,1,0,0,0,"2020-09-27"
41,2020,174,40,12,11,111,1,1,0,0,0,"2020-10-04"
42,2020,177,41,12,11,113,1,1,0,0,0,"2020-10-11"
43,2020,181,42,14,11,114,1,1,0,0,0,"2020-10-18"
44,2020,189,44,15,12,118,2,1,1,0,0,"2020-10-25"
45,2020,189,44,15,12,118,0,0,0,0,0,"2020-11-01"
46,2020,191,44,15,12,120,0,0,0,0,0,"2020-11-08"
47,2020,192,44,15,12,121,1,1,0,0,0,"2020-11-15"
48,2020,193,44,15,12,122,0,0,0,0,0,"2020-11-22"
49,2020,196,44,15,12,125,1,1,0,0,0,"2020-11-29"
50,2020,198,46,15,12,125,1,1,0,0,0,"2020-12-06"
51,2020,199,46,15,12,126,0,0,0,0,0,"2020-12-13"
52,2020,200,46,15,12,127,0,0,0,0,0,"2020-12-20"
53,2020,203,46,15,12,130,0,0,0,0,0,"2020-12-27"
1,2021,0,0,0,0,0,0,0,0,0,0,"2021-01-03"
2,2021,0,0,0,0,0,0,0,0,0,0,"2021-01-10"
3,2021,0,0,0,0,0,0,0,0,0,0,"2021-01-17"
4,2021,7,1,0,0,6,6,5,1,0,0,"2021-01-24"
5,2021,8,1,0,1,6,2,2,0,0,0,"2021-01-31"
6,2021,13,2,2,1,8,1,1,0,0,0,"2021-02-07"
7,2021,14,2,2,1,9,0,0,0,0,0,"2021-02-14"
8,2021,17,2,2,1,12,2,2,0,0,0,"2021-02-21"
9,2021,20,2,3,1,14,2,2,0,0,0,"2021-02-28"
10,2021,23,2,4,2,15,1,1,0,0,0,"2021-03-07"
11,2021,28,5,4,2,17,1,1,0,0,0,"2021-03-14"
12,2021,32,6,4,2,20,2,2,0,0,0,"2021-03-21"
13,2021,34,6,4,3,21,1,1,0,0,0,"2021-03-28"
14,2021,35,7,4,3,21,0,0,0,0,0,"2021-04-04"
15,2021,37,8,4,3,22,1,1,0,0,0,"2021-04-11"
16,2021,39,10,4,3,22,1,0,1,0,0,"2021-04-18"
17,2021,44,10,4,3,27,3,3,0,0,0,"2021-04-25"
18,2021,45,10,4,3,28,1,1,0,0,0,"2021-05-02"
19,2021,46,12,4,3,27,1,1,0,0,0,"2021-05-09"
20,2021,50,12,5,3,30,2,2,0,0,0,"2021-05-16"
21,2021,54,13,7,3,31,1,1,0,0,0,"2021-05-23"
22,2021,59,13,7,3,36,2,2,0,0,0,"2021-05-30"
23,2021,61,13,7,3,38,0,0,0,0,0,"2021-06-06"
24,2021,61,13,7,3,38,0,0,0,0,0,"2021-06-13"
25,2021,67,16,7,4,40,2,2,0,0,0,"2021-06-20"
26,2021,75,15,7,4,49,5,5,0,0,0,"2021-06-27"
27,2021,78,15,8,4,51,1,1,0,0,0,"2021-07-04"
28,2021,82,15,8,4,55,1,1,0,0,0,"2021-07-11"
29,2021,86,15,8,4,59,2,2,0,0,0,"2021-07-18"
30,2021,85,15,8,4,58,0,0,0,0,0,"2021-07-25"
31,2021,89,16,8,4,61,1,0,1,0,0,"2021-08-01"
32,2021,94,17,10,4,63,2,1,0,1,0,"2021-08-08"
33,2021,95,18,10,4,63,0,0,0,0,0,"2021-08-15"
34,2021,96,18,10,4,64,0,0,0,0,0,"2021-08-22"
35,2021,100,19,10,4,67,1,1,0,0,0,"2021-08-29"
36,2021,106,22,10,4,70,5,5,0,0,0,"2021-09-05"
37,2021,114,26,10,5,73,2,1,1,0,0,"2021-09-12"
38,2021,120,26,11,5,78,3,3,0,0,0,"2021-09-19"
39,2021,117,23,10,6,78,2,1,1,0,0,"2021-09-26"
40,2021,125,29,11,7,78,0,0,0,0,0,"2021-10-03"
41,2021,130,30,11,7,82,4,3,1,0,0,"2021-10-10"
42,2021,133,31,12,7,83,3,1,1,1,0,"2021-10-17"
43,2021,136,31,12,7,86,1,1,0,0,0,"2021-10-24"
44,2021,138,31,12,7,88,2,2,0,0,0,"2021-10-31"
45,2021,133,26,11,7,89,1,1,0,0,0,"2021-11-07"
46,2021,136,26,11,7,92,3,3,0,0,0,"2021-11-14"
47,2021,144,32,12,7,93,1,1,0,0,0,"2021-11-21"
48,2021,147,32,13,7,95,2,2,0,0,0,"2021-11-28"
49,2021,150,32,13,7,98,1,1,0,0,0,"2021-12-05"
50,2021,158,32,13,7,106,2,2,0,0,0,"2021-12-12"
51,2021,160,32,13,7,108,2,2,0,0,0,"2021-12-19"
52,2021,171,35,15,7,114,1,1,0,0,0,"2021-12-26"
1,2022,1,0,0,0,1,1,1,0,0,0,"2022-01-02"
2,2022,10,0,1,0,9,5,5,0,0,0,"2022-01-09"
3,2022,15,0,1,0,14,4,4,0,0,0,"2022-01-16"
4,2022,17,0,1,1,15,1,1,0,0,0,"2022-01-23"
5,2022,22,0,1,1,20,4,4,0,0,0,"2022-01-30"
6,2022,25,1,1,1,22,3,3,0,0,0,"2022-02-06"
7,2022,31,3,3,1,24,3,3,0,0,0,"2022-02-13"
8,2022,37,6,3,1,27,3,3,0,0,0,"2022-02-20"
9,2022,46,7,5,1,33,7,6,1,0,0,"2022-02-27"
10,2022,50,8,5,1,36,3,3,0,0,0,"2022-03-06"
11,2022,52,8,6,1,37,1,1,0,0,0,"2022-03-13"
12,2022,55,9,7,1,38,2,1,0,1,0,"2022-03-20"
13,2022,60,9,8,1,42,4,4,0,0,0,"2022-03-27"
14,2022,63,10,8,1,44,3,2,1,0,0,"2022-04-03"
15,2022,68,11,8,1,48,5,4,1,0,0,"2022-04-10"
16,2022,74,12,8,1,53,4,4,0,0,0,"2022-04-17"
17,2022,76,12,9,1,54,2,2,0,0,0,"2022-04-24"
18,2022,79,14,9,1,55,1,1,0,0,0,"2022-05-01"
19,2022,85,14,9,1,61,4,4,0,0,0,"2022-05-08"
20,2022,94,17,10,1,66,3,3,0,0,0,"2022-05-15"
21,2022,96,17,10,1,68,0,0,0,0,0,"2022-05-22"
22,2022,109,19,13,3,74,4,4,0,0,0,"2022-05-29"
23,2022,116,20,13,4,79,4,4,0,0,0,"2022-06-05"
24,2022,121,20,13,4,84,5,5,0,0,0,"2022-06-12"
25,2022,125,20,13,4,88,4,4,0,0,0,"2022-06-19"
26,2022,136,28,14,4,90,2,2,0,0,0,"2022-06-26"
27,2022,140,28,14,4,94,4,4,0,0,0,"2022-07-03"
28,2022,142,29,14,4,95,2,2,0,0,0,"2022-07-10"
29,2022,142,29,14,5,94,0,0,0,0,0,"2022-07-17"
30,2022,144,30,14,5,95,1,1,0,0,0,"2022-07-24"
31,2022,153,31,14,6,102,6,5,1,0,0,"2022-07-31"
32,2022,157,32,14,6,105,4,3,1,0,0,"2022-08-07"
33,2022,162,34,14,8,106,2,1,1,0,0,"2022-08-14"
34,2022,163,35,19,8,101,1,0,0,1,0,"2022-08-21"
35,2022,166,36,20,9,101,3,2,0,0,1,"2022-08-28"
36,2022,167,38,20,8,101,1,1,0,0,0,"2022-09-04"
37,2022,173,38,21,8,106,5,4,0,1,0,"2022-09-11"
38,2022,182,39,21,10,112,5,4,0,0,1,"2022-09-18"
39,2022,191,43,22,10,116,2,2,0,0,0,"2022-09-25"
40,2022,198,43,23,10,122,7,7,0,0,0,"2022-10-02"
41,2022,204,46,23,10,125,2,1,1,0,0,"2022-10-09"
42,2022,210,50,23,11,126,5,4,0,0,1,"2022-10-16"
43,2022,215,55,24,11,125,2,2,0,0,0,"2022-10-23"
44,2022,222,56,24,12,130,5,5,0,0,0,"2022-10-30"
45,2022,225,55,21,12,137,2,2,0,0,0,"2022-11-06"
46,2022,233,59,26,13,135,7,6,1,0,0,"2022-11-13"
47,2022,233,57,26,12,138,4,4,0,0,0,"2022-11-20"
48,2022,246,61,27,12,146,3,2,1,0,0,"2022-11-27"
49,2022,251,61,28,13,149,3,2,0,1,0,"2022-12-04"
50,2022,259,61,28,15,155,6,3,2,1,0,"2022-12-11"
51,2022,264,67,29,17,151,3,3,0,0,0,"2022-12-18"
52,2022,282,73,31,19,159,1,1,0,0,0,"2022-12-25"
1,2023,4,0,3,3,4,4,4,0,0,0,"2023-01-01"
2,2023,9,0,0,3,8,4,3,0,0,0,"2023-01-08"
3,2023,13,0,0,1,12,3,3,0,0,0,"2023-01-15"
4,2023,20,3,1,1,15,3,2,1,0,0,"2023-01-22"
5,2023,28,6,1,0,21,6,6,0,0,0,"2023-01-29"
6,2023,32,6,2,1,23,3,3,0,0,0,"2023-02-05"
7,2023,36,8,3,1,24,3,3,0,0,0,"2023-02-12"
8,2023,51,12,3,2,34,8,8,0,0,0,"2023-02-19"
9,2023,61,14,3,1,43,8,8,0,0,0,"2023-02-26"
10,2023,70,17,3,4,46,2,2,0,0,0,"2023-03-05"
11,2023,73,20,3,4,46,2,2,0,0,0,"2023-03-12"
12,2023,81,21,3,4,53,5,5,0,0,0,"2023-03-19"
13,2023,88,24,5,7,52,3,3,0,0,0,"2023-03-26"
14,2023,93,28,5,7,53,3,2,1,0,0,"2023-04-02"
15,2023,98,30,5,7,56,4,3,1,0,0,"2023-04-09"
16,2023,106,33,6,8,59,3,3,0,0,0,"2023-04-16"
17,2023,111,35,6,8,62,4,3,1,0,0,"2023-04-23"
18,2023,119,39,6,9,65,4,3,0,0,1,"2023-04-30"
19,2023,131,40,7,12,72,9,6,0,0,3,"2023-05-07"
20,2023,138,48,9,10,71,4,1,1,1,1,"2023-05-14"
21,2023,144,51,9,9,75,5,5,0,0,0,"2023-05-21"
22,2023,154,53,10,15,76,9,8,0,0,1,"2023-05-28"
23,2023,160,55,11,14,80,5,5,0,0,0,"2023-06-04"
24,2023,163,60,11,15,77,0,0,0,0,0,"2023-06-11"
25,2023,171,64,11,15,81,4,3,1,0,0,"2023-06-18"
26,2023,179,65,12,14,88,5,5,0,0,0,"2023-06-25"
27,2023,186,67,13,16,90,3,3,0,0,0,"2023-07-02"
28,2023,204,71,15,17,101,5,3,1,0,1,"2023-07-09"
29,2023,215,80,15,16,104,4,3,1,0,0,"2023-07-16"
30,2023,218,80,16,16,106,2,2,0,0,0,"2023-07-23"
31,2023,228,86,16,19,107,7,5,1,0,1,"2023-07-30"
32,2023,231,88,17,18,108,1,1,0,0,0,"2023-08-06"
33,2023,239,91,20,17,111,2,2,0,0,0,"2023-08-13"
34,2023,244,92,20,17,115,4,4,0,0,0,"2023-08-20"
35,2023,253,99,21,20,113,5,4,0,0,1,"2023-08-27"
36,2023,255,99,21,20,115,1,1,0,0,0,"2023-09-03"
37,2023,261,101,21,21,118,3,2,0,0,1,"2023-09-10"
38,2023,268,104,21,20,123,3,3,0,0,0,"2023-09-17"
